"data","temp_min","temp_med","temp_max","umid_min","umid_med","umid_max","precip"
2020-01-01,22.35,27.71,33.07,41.37,62.985,84.6,0
2020-01-02,21.69,27.01,32.33,44.35,64.475,84.6,24.38
2020-01-03,20.67,25.655,30.64,50.94,71.87,92.8,19.81
2020-01-04,20.4,25.085,29.77,56.18,74.39,92.6,9.4
2020-01-05,20.29,25.095,29.9,52.49,72.645,92.8,4.318
2020-01-06,20.7,25.2,29.7,58.85,75.725,92.6,3.302
2020-01-07,21.31,26.28,31.25,48.3,70.15,92,0
2020-01-08,22.29,27.025,31.76,51.14,71.87,92.6,1.778
2020-01-09,22.35,25.785,29.22,61.73,76.915,92.1,4.572
2020-01-10,20.78,26.17,31.56,52.26,72.93,93.6,69.09
2020-01-11,17.27,23.685,30.1,57.5,75.55,93.6,254
2020-01-12,23.69,28.615,33.54,40.93,65.215,89.5,0
2020-01-13,20.79,26.725,32.66,50.73,71.765,92.8,14.99
2020-01-14,21.41,26.415,31.42,52.26,72.28,92.3,0
2020-01-15,22.29,27.77,33.25,41.98,66.64,91.3,0
2020-01-16,23.79,29.14,34.49,27.82,56.66,85.5,0
2020-01-17,21.88,28.89,35.9,32.1,61.25,90.4,0
2020-01-18,19.15,24.965,30.78,55.16,72.58,90,0
2020-01-19,19.76,26.165,32.57,48.2,70.15,92.1,8.13
2020-01-20,21.51,26.55,31.59,50.94,71.02,91.1,0
2020-01-21,20.8,26.865,32.93,43.49,66.845,90.2,0
2020-01-22,20.29,26.395,32.5,46.13,68.665,91.2,0
2020-01-23,21.28,26.585,31.89,50.46,71.63,92.8,12.19
2020-01-24,19.96,23.87,27.78,65.08,79.09,93.1,25.65
2020-01-25,18.08,23.535,28.99,53.28,73.19,93.1,0
2020-01-26,19.56,25.015,30.47,42.69,65.145,87.6,0
2020-01-27,18.69,25.7,32.71,30.08,57.64,85.2,0
2020-01-28,19.02,26.115,33.21,22.55,52.225,81.9,0
2020-01-29,22.26,27.715,33.17,37.95,63.525,89.1,0
2020-01-30,22.73,27.75,32.77,42.72,66.26,89.8,0
2020-01-31,20.94,26.23,31.52,48.1,70.6,93.1,39.12
2020-02-01,21.14,26.18,31.22,48.34,70.72,93.1,0
2020-02-02,21.65,25.875,30.1,54.7,73.2,91.7,0
2020-02-03,21.85,26.975,32.1,42.76,67.38,92,0
2020-02-04,21.17,26.365,31.56,47.36,69.43,91.5,2.032
2020-02-05,20.87,26.685,32.5,48.67,70.785,92.9,30.73
2020-02-06,21.44,26.31,31.18,44.31,68.605,92.9,762
2020-02-07,20.6,25.705,30.81,52.15,72.475,92.8,16.51
2020-02-08,20.63,24.715,28.8,54.36,73.53,92.7,254
2020-02-09,21.41,25.695,29.98,49.09,67.495,85.9,1.524
2020-02-10,21.61,25.535,29.46,56.52,73.86,91.2,1.27
2020-02-11,21.65,24.73,27.81,64.77,78.385,92,762
2020-02-12,18.08,22.95,27.82,68.43,80.265,92.1,4.826
2020-02-13,18.25,22.11,25.97,66.46,79.33,92.2,0
2020-02-14,17.71,23.82,29.93,48.47,70.235,92,0
2020-02-15,18.86,25.715,32.57,44.79,68.295,91.8,0
2020-02-16,22.26,27.94,33.62,41.14,63.82,86.5,508
2020-02-17,21.99,28.07,34.15,36.13,62.715,89.3,1.016
2020-02-18,21.75,27.815,33.88,41.6,66.9,92.2,254
2020-02-19,22.09,27.815,33.54,40.62,66.41,92.2,48.77
2020-02-20,22.46,27.04,31.62,49.05,70.625,92.2,0
2020-02-21,22.05,26.685,31.32,53.27,72.485,91.7,19.3
2020-02-22,22.32,25.865,29.41,55.92,73.66,91.4,0
2020-02-23,19.28,24.54,29.8,57.63,74.515,91.4,0
2020-02-24,19.48,24.37,29.26,52.59,71.145,89.7,0
2020-02-25,21.59,24.62,27.65,70.63,81.665,92.7,33.27
2020-02-26,22.05,26.18,30.31,55.57,74.035,92.5,12.45
2020-02-27,21.54,25.505,29.47,61.19,77.195,93.2,26.67
2020-02-28,18.95,23.01,27.07,67.02,79.91,92.8,254
2020-02-29,19.09,23.575,28.06,56.26,74.53,92.8,0
2020-03-01,18.42,22.82,27.22,58.5,75.85,93.2,0
2020-03-02,17.98,23.135,28.29,59.6,75.8,92,0
2020-03-03,17.44,23.205,28.97,43.95,67.625,91.3,0
2020-03-04,16.57,23.065,29.56,48.17,70.535,92.9,0
2020-03-05,17.48,24.145,30.81,38.74,65.77,92.8,0
2020-03-06,16.88,23.95,31.02,31.67,59.035,86.4,0
2020-03-07,15.53,23.055,30.58,31.1,58.9,86.7,0
2020-03-08,15.8,22.885,29.97,27.11,58.255,89.4,0
2020-03-09,15.97,23.375,30.78,26.67,58.285,89.9,0
2020-03-10,17.49,25.08,32.67,27.04,57.52,88,0
2020-03-11,20.5,27.11,33.72,30.42,57.56,84.7,0
2020-03-12,20.73,26.99,33.25,32.85,57.675,82.5,0
2020-03-13,20.84,27.515,34.19,31.4,54.17,76.94,0
2020-03-14,21,27.795,34.59,27.14,52.395,77.65,0
2020-03-15,22.46,28.58,34.7,29.88,56.19,82.5,0
2020-03-16,19.88,27.07,34.26,34.41,63.805,93.2,19.81
2020-03-17,21.24,26.94,32.64,40.97,65.635,90.3,2.794
2020-03-18,22.29,27.8,33.31,37.35,61.475,85.6,0
2020-03-19,22.02,27.6,33.18,39.75,62.275,84.8,0
2020-03-20,21.68,26.93,32.18,45.77,68.735,91.7,0
2020-03-21,21.24,26.45,31.66,44.68,68.74,92.8,15.24
2020-03-22,19.99,25.285,30.58,51.95,72.325,92.7,508
2020-03-23,16.51,22.94,29.37,53.01,72.355,91.7,4.572
2020-03-24,16.58,23.645,30.71,44.48,67.29,90.1,0
2020-03-25,16.98,23.495,30.01,33.87,57.535,81.2,0
2020-03-26,17.18,23.76,30.34,33.46,55.16,76.86,0
2020-03-27,17.96,24.17,30.38,32.28,53.76,75.24,0
2020-03-28,19.74,25.485,31.23,34.24,59.72,85.2,0
2020-03-29,21.07,26.755,32.44,42.56,65.43,88.3,6.858
2020-03-30,19.59,24.08,28.57,63.16,78.53,93.9,134.9
2020-03-31,19.56,24.715,29.87,49.89,71.795,93.7,0
2020-04-01,20.37,25.895,31.42,43.23,67.465,91.7,0
2020-04-02,20.4,27.14,33.88,35.76,61.93,88.1,0
2020-04-03,20.94,27.145,33.35,41.17,65.085,89,4.826
2020-04-04,17.08,24.575,32.07,45.26,65.98,86.7,0
2020-04-05,17.56,23.77,29.98,32.99,58.545,84.1,0
2020-04-06,19.1,25.245,31.39,31.54,54.355,77.17,0
2020-04-07,20.43,26.89,33.35,32.25,60.275,88.3,2.54
2020-04-08,18.96,24.69,30.42,46.28,69.24,92.2,13.46
2020-04-09,15.73,22.65,29.57,43.91,68.005,92.1,0
2020-04-10,16.07,21.91,27.75,35.67,62.135,88.6,0
2020-04-11,14.21,21.285,28.36,32.83,59.515,86.2,0
2020-04-12,16.71,23.085,29.46,32.39,56.945,81.5,0
2020-04-13,16.26,23.335,30.41,36.78,61.09,85.4,0
2020-04-14,17.36,24.645,31.93,35.32,60.51,85.7,0
2020-04-15,16.39,20.215,24.04,61.84,77.97,94.1,35.31
2020-04-16,14.39,20.08,25.77,54.1,73.7,93.3,0
2020-04-17,15.57,21.22,26.87,41.94,62.87,83.8,0
2020-04-18,14.85,21.74,28.63,48.99,69.795,90.6,0
2020-04-19,15.05,22.515,29.98,49.46,69.98,90.5,0
2020-04-20,16.37,22.555,28.74,50.95,71.975,93,0
2020-04-21,16.94,23.42,29.9,43.44,68.37,93.3,0
2020-04-22,16.97,23.655,30.34,36.3,60.35,84.4,0
2020-04-23,14.26,22.115,29.97,32.55,56.375,80.2,0
2020-04-24,14.56,21.91,29.26,31.41,55.855,80.3,0
2020-04-25,16.14,23.53,30.92,38.2,61.5,84.8,0
2020-04-26,18.35,24.64,30.93,32.79,58.445,84.1,0
2020-04-27,16.61,23.21,29.81,30.05,55.475,80.9,0
2020-04-28,15.15,22.725,30.3,31.75,55.875,80,0
2020-04-29,15.93,22.265,28.6,30.66,54.03,77.4,0
2020-04-30,14.61,21.77,28.93,29.88,56.49,83.1,0
2020-05-01,15.63,22.78,29.93,27.62,54.06,80.5,0
2020-05-02,15.29,23.205,31.12,26.7,55.1,83.5,0
2020-05-03,16.37,23.665,30.96,28.6,58.2,87.8,0
2020-05-04,12.09,20.29,28.49,42.56,65.03,87.5,0
2020-05-05,12.7,20.7,28.7,30.46,57.63,84.8,0
2020-05-06,15.8,23.565,31.33,24.71,48.69,72.67,0
2020-05-07,15.93,23.645,31.36,26.3,58.5,90.7,0
2020-05-08,9.03,16.345,23.66,54.65,73.025,91.4,0
2020-05-09,9.3,17.515,25.73,27.69,59.845,92,0
2020-05-10,12.89,20.41,27.93,32.36,56.63,80.9,0
2020-05-11,14.36,21.23,28.1,31.51,56.905,82.3,0
2020-05-12,14.49,22.215,29.94,28.46,54.38,80.3,0
2020-05-13,14.8,21.535,28.27,27.79,53.12,78.45,0
2020-05-14,16.83,21.905,26.98,46.4,66.15,85.9,0
2020-05-15,17.38,20.805,24.23,63.18,77.64,92.1,0
2020-05-16,14.38,19.835,25.29,57.89,75.395,92.9,0
2020-05-17,14.26,20.585,26.91,38.75,65.875,93,0
2020-05-18,14.97,21.865,28.76,26.88,51.545,76.21,0
2020-05-19,15.41,22.34,29.27,27.76,50.885,74.01,0
2020-05-20,16.54,22.79,29.04,26.54,49.94,73.34,0
2020-05-21,16.61,23.14,29.67,28.87,57.985,87.1,0
2020-05-22,15.63,22.635,29.64,29.04,57.82,86.6,0
2020-05-23,15.9,23.615,31.33,30.8,62.45,94.1,25.65
2020-05-24,11.75,15.34,18.93,81.4,87.8,94.2,254
2020-05-25,7.856,12.368,16.88,58.54,75.72,92.9,254
2020-05-26,6.263,13.756,21.25,35.01,64.155,93.3,0
2020-05-27,8.74,15.505,22.27,29.66,57.28,84.9,0
2020-05-28,10.26,17.795,25.33,21.98,49.265,76.55,0
2020-05-29,10.86,18.735,26.61,21.17,47.5,73.83,0
2020-05-30,11.6,19.66,27.72,23.4,50.205,77.01,0
2020-05-31,12.01,19.715,27.42,27.35,53.25,79.15,0
2020-06-01,11.5,19.26,27.02,23.16,51.93,80.7,0
2020-06-02,12.72,20.385,28.05,26.81,52.39,77.97,0
2020-06-03,14.16,20.285,26.41,35.2,58.5,81.8,0
2020-06-04,15.67,20.17,24.67,47.21,68.455,89.7,508
2020-06-05,17.44,23.005,28.57,43.48,66.24,89,0
2020-06-06,17.95,23.88,29.81,41.99,65.495,89,0
2020-06-07,17.34,22.965,28.59,49.3,70.95,92.6,0
2020-06-08,17.57,22.025,26.48,57.55,75.075,92.6,0
2020-06-09,18.55,24.715,30.88,38.8,64.5,90.2,0
2020-06-10,18.42,24.1,29.78,42.97,65.035,87.1,1.016
2020-06-11,16.78,24.21,31.64,29.82,58.61,87.4,0
2020-06-12,16.17,24.235,32.3,26.7,54.1,81.5,0
2020-06-13,16.31,24.055,31.8,25.32,53.16,81,0
2020-06-14,15.96,23.945,31.93,23.46,49.835,76.21,0
2020-06-15,14.72,22.47,30.22,29.31,58.055,86.8,0
2020-06-16,15.66,22.25,28.84,25.09,54.445,83.8,0
2020-06-17,15.93,22.165,28.4,31.61,56.355,81.1,0
2020-06-18,15.06,21.615,28.17,39.63,61.615,83.6,0
2020-06-19,14.09,21.095,28.1,34.42,59.21,84,0
2020-06-20,14.09,21.78,29.47,29.99,57.495,85,0
2020-06-21,14.77,22.545,30.32,29.21,56.305,83.4,0
2020-06-22,15.7,22.99,30.28,24.65,54.175,83.7,0
2020-06-23,14.16,21.635,29.11,25.12,50.46,75.8,0
2020-06-24,13.65,21.16,28.67,21.1,48.99,76.88,0
2020-06-25,13.82,21.715,29.61,30.73,55.715,80.7,0
2020-06-26,15.87,23.715,31.56,29.44,58.12,86.8,0
2020-06-27,18.29,24.275,30.26,35.57,60.685,85.8,762
2020-06-28,13.83,16.6,19.37,77.17,85.485,93.8,17.02
2020-06-29,12.7,18.1,23.5,51.13,72.165,93.2,0
2020-06-30,13.41,20.62,27.83,38.38,62.79,87.2,0
2020-07-01,16.17,22.575,28.98,29.01,55.105,81.2,0
2020-07-02,8.47,15.08,21.69,33.83,59.965,86.1,254
2020-07-03,8.87,15.91,22.95,24.66,55.38,86.1,0
2020-07-04,11.94,18.06,24.18,25.16,51.58,78,0
2020-07-05,12.48,21.04,29.6,25.96,45.91,65.86,0
2020-07-06,16.27,23.41,30.55,26.27,51.82,77.37,0
2020-07-07,16.24,23.92,31.6,23.02,50.55,78.08,0
2020-07-08,14.33,22.475,30.62,21.2,46.995,72.79,0
2020-07-09,14.26,22.56,30.86,22.04,55.32,88.6,0
2020-07-10,11.58,17.355,23.13,48.83,70.565,92.3,0
2020-07-11,11.42,21.19,30.96,25.52,55.96,86.4,0
2020-07-12,15.8,23.21,30.62,22.21,49.535,76.86,0
2020-07-13,16.04,23.94,31.84,23.96,50.425,76.89,0
2020-07-14,16.88,24.625,32.37,25.76,50.045,74.33,0
2020-07-15,17.15,24.07,30.99,31.81,59.905,88,0
2020-07-16,13.61,22.65,31.69,29.24,58.67,88.1,0
2020-07-17,13.68,21.935,30.19,27.62,57.96,88.3,0
2020-07-18,15.26,23.06,30.86,20.96,46.05,71.14,0
2020-07-19,15.43,22.69,29.95,25.15,49.905,74.66,0
2020-07-20,13.58,20.52,27.46,22.76,48.71,74.66,0
2020-07-21,14.02,21.58,29.14,26.1,49.195,72.29,0
2020-07-22,14.73,22.44,30.15,23.46,46.09,68.72,0
2020-07-23,14.17,22.425,30.68,23.63,47.96,72.29,0
2020-07-24,13.8,22.175,30.55,22.21,46.69,71.17,0
2020-07-25,14.83,22.235,29.64,20.55,45.105,69.66,0
2020-07-26,14.39,23.195,32,18.79,45.36,71.93,0
2020-07-27,16,23.11,30.22,24.04,45,65.96,0
2020-07-28,16,23.09,30.18,27.28,50.24,73.2,0
2020-07-29,16.51,24.07,31.63,24.81,49.14,73.47,0
2020-07-30,12.97,22.705,32.44,19.2,52.55,85.9,0
2020-07-31,13.01,20.42,27.83,35.06,60.88,86.7,0
2020-08-01,12.87,21.555,30.24,24.54,56.77,89,0
2020-08-02,12.23,20.605,28.98,26.1,57.95,89.8,0
2020-08-03,12.63,20.885,29.14,23.7,53.35,83,0
2020-08-04,12.46,20.23,28,19.85,43.945,68.04,0
2020-08-05,13.41,21.105,28.8,15.08,36.195,57.31,0
2020-08-06,13.48,21.175,28.87,15.59,38.55,61.51,0
2020-08-07,13.89,21.345,28.8,17.71,39.42,61.13,0
2020-08-08,11.69,20.295,28.9,17.65,43.05,68.45,0
2020-08-09,14.06,22.015,29.97,22.17,43.655,65.14,0
2020-08-10,15.63,23.02,30.41,16.9,37.93,58.96,0
2020-08-11,15.29,23,30.71,19.4,42.75,66.1,0
2020-08-12,15.64,23.985,32.33,19.47,42.905,66.34,0
2020-08-13,17.39,25.25,33.11,18.08,39.165,60.25,0
2020-08-14,18.32,26.495,34.67,18.29,39.71,61.13,0
2020-08-15,18.86,26.595,34.33,20.15,41.435,62.72,0
2020-08-16,17.91,26.54,35.17,19.06,48.405,77.75,0
2020-08-17,18.01,22.935,27.86,37.94,58.23,78.52,0
2020-08-18,17.71,23.515,29.32,34.32,56.78,79.24,0
2020-08-19,17,24.87,32.74,27.45,57.225,87,0
2020-08-20,14.58,25.385,36.19,16.39,50.595,84.8,0
2020-08-21,14.58,20.95,27.32,30.36,56.78,83.2,254
2020-08-22,6.399,11.6995,17,66.91,80.255,93.6,7.62
2020-08-23,6.534,14.262,21.99,35.72,63.86,92,0
2020-08-24,11.75,18.96,26.17,29.28,56.09,82.9,0
2020-08-25,11.31,19.97,28.63,24,48.925,73.85,0
2020-08-26,11.91,20.605,29.3,13.83,40.405,66.98,0
2020-08-27,12.52,21.35,30.18,13.66,39,64.34,0
2020-08-28,13.97,22.88,31.79,13.72,35.165,56.61,0
2020-08-29,16.2,24.505,32.81,17.34,36.62,55.9,0
2020-08-30,17.17,25.53,33.89,15.82,37.73,59.64,0
2020-08-31,17.61,26.525,35.44,15.01,36.005,57,0
2020-09-01,17.37,26.255,35.14,15.21,49.005,82.8,0
2020-09-02,17.81,26.39,34.97,18.83,49.915,81,0
2020-09-03,19.33,25.965,32.6,22.68,44.085,65.49,0
2020-09-04,19.06,26.73,34.4,15.82,33.395,50.97,0
2020-09-05,19.37,27.29,35.21,14.47,31.555,48.64,0
2020-09-06,18.7,26.905,35.11,11.53,27.505,43.48,0
2020-09-07,17.77,26.44,35.11,12.64,31.975,51.31,0
2020-09-08,17.03,26.12,35.21,12.57,35.19,57.81,0
2020-09-09,19.03,27.685,36.34,12.34,32.335,52.33,0
2020-09-10,21.31,29.035,36.76,12.37,28.415,44.46,0
2020-09-11,21.24,29.18,37.12,12.17,27.925,43.68,0
2020-09-12,21.45,29.505,37.56,10.51,25.125,39.74,0
2020-09-13,20.2,28.6,37,11.83,24.575,37.32,0
2020-09-14,19.67,27.59,35.51,13.96,25.885,37.81,0
2020-09-15,19.23,27.44,35.65,12.27,35.6,58.93,0
2020-09-16,18.45,26.27,34.09,16.83,42.97,69.11,0
2020-09-17,19.94,27.525,35.11,14.67,37.44,60.21,0
2020-09-18,19.23,28.3,37.37,12.44,43.67,74.9,0
2020-09-19,19.4,27.42,35.44,18.22,46.34,74.46,0
2020-09-20,21.68,27.28,32.88,24.78,45.29,65.8,0
2020-09-21,15.85,20.04,24.23,51.79,68.445,85.1,3.048
2020-09-22,14.78,21.695,28.61,40.1,64.9,89.7,3.81
2020-09-23,15.53,21.475,27.42,45.54,67.72,89.9,0
2020-09-24,16.61,23.78,30.95,33.16,57.18,81.2,0
2020-09-25,19.16,26.155,33.15,20.18,47.675,75.17,0
2020-09-26,20.44,27.99,35.54,17.64,35.07,52.5,0
2020-09-27,20.9,29.435,37.97,10.65,29.67,48.69,0
2020-09-28,22.26,30.55,38.84,12.77,38.205,63.64,0
2020-09-29,22.36,30.585,38.81,14.97,36.28,57.59,0
2020-09-30,24.23,32.09,39.95,12.4,33.145,53.89,0
2020-10-01,25.38,33.12,40.86,10.21,24.67,39.13,0
2020-10-02,23.93,32.245,40.56,13.01,27.055,41.1,0
2020-10-03,23.79,32.14,40.49,12.03,26.865,41.7,0
2020-10-04,21.51,31.355,41.2,11.66,43,74.34,0
2020-10-05,19.32,29.6,39.88,12.06,46.23,80.4,0
2020-10-06,22.9,32.25,41.6,10.47,39.175,67.88,0
2020-10-07,27.41,34.035,40.66,11.79,23.535,35.28,0
2020-10-08,23.12,32.295,41.47,11.45,39.145,66.84,0
2020-10-09,23.35,30.605,37.86,19.8,43.135,66.47,0
2020-10-10,19.76,29.825,39.89,15.71,48.855,82,762
2020-10-11,15.7,23.495,31.29,21.29,49.74,78.19,0
2020-10-12,16.84,25.21,33.58,19.37,44.715,70.06,0
2020-10-13,18.11,26.55,34.99,19.6,42.85,66.1,0
2020-10-14,22.57,30.05,37.53,17.27,39.215,61.16,254
2020-10-15,20.73,29.65,38.57,16.15,52.925,89.7,4.572
2020-10-16,18.91,21.605,24.3,73.87,81.885,89.9,1.27
2020-10-17,15.73,21.49,27.25,49.03,64.665,80.3,0
2020-10-18,16.73,25.04,33.35,29.1,53.41,77.72,0
2020-10-19,19.3,27.065,34.83,25.18,48.3,71.42,0
2020-10-20,19.72,24.48,29.24,45.64,69.52,93.4,33.27
2020-10-21,20.29,22.96,25.63,66.71,79.055,91.4,508
2020-10-22,19.65,25.5,31.35,39.18,63.54,87.9,762
2020-10-23,20.87,26.975,33.08,33.73,59.315,84.9,1.524
2020-10-24,20.29,26.55,32.81,33.16,63.28,93.4,9.65
2020-10-25,20.23,23.79,27.35,59.41,76.405,93.4,0
2020-10-26,20.43,26.515,32.6,37.28,62.79,88.3,0
2020-10-27,19.13,26.035,32.94,31.33,61.515,91.7,0
2020-10-28,18.35,24.295,30.24,43.44,67.42,91.4,0
2020-10-29,20.84,27.755,34.67,25.38,51.77,78.16,0
2020-10-30,21.11,27.245,33.38,31.3,62.4,93.5,17.27
2020-10-31,16.36,22.13,27.9,57.91,72.955,88,7.62
2020-11-01,14.78,21.875,28.97,42.5,63.1,83.7,0
2020-11-02,13.23,21.095,28.96,32.8,55.545,78.29,0
2020-11-03,13.47,20.745,28.02,17.48,45.955,74.43,0
2020-11-04,13.8,21.045,28.29,16.9,48.55,80.2,0
2020-11-05,14.41,22.695,30.98,17.78,49.54,81.3,0
2020-11-06,16.66,24.55,32.44,16.77,45.6,74.43,0
2020-11-07,15.29,24.335,33.38,18.05,46.44,74.83,0
2020-11-08,18.39,27.13,35.87,15.99,41.505,67.02,0
2020-11-09,23.25,30.735,38.22,13.92,36.525,59.13,0
2020-11-10,19.56,28.12,36.68,23.66,56.13,88.6,12.95
2020-11-11,19.96,25.115,30.27,41.74,64.82,87.9,0
2020-11-12,21.07,26.755,32.44,33.73,60.865,88,0
2020-11-13,21.82,27.805,33.79,30.76,58.13,85.5,0
2020-11-14,20.02,26.6,33.18,35.42,60.81,86.2,0
2020-11-15,19.62,25.62,31.62,35.66,61.83,88,12.95
2020-11-16,21.48,27.33,33.18,34.14,60.22,86.3,5.842
2020-11-17,22.29,28.26,34.23,28.49,56.095,83.7,0
2020-11-18,21.72,28.14,34.56,33.36,59.63,85.9,2.032
2020-11-19,19.51,25.5,31.49,49.38,71.44,93.5,48.51
2020-11-20,15.83,22.08,28.33,56.22,74.71,93.2,0
2020-11-21,15.97,22.545,29.12,25.42,56.31,87.2,0
2020-11-22,17.91,24.31,30.71,21.36,50.93,80.5,0
2020-11-23,17.71,25.225,32.74,23.05,49.265,75.48,0
2020-11-24,20.03,27.055,34.08,20.72,45.805,70.89,0
2020-11-25,21.07,27.075,33.08,29.74,53.715,77.69,0
2020-11-26,20.6,26.955,33.31,27.68,53.04,78.4,0
2020-11-27,20.57,27.195,33.82,28.33,54.465,80.6,0
2020-11-28,21.55,28.255,34.96,25.25,53.975,82.7,4.572
2020-11-29,21.88,28.12,34.36,27.28,51.875,76.47,254
2020-11-30,22.66,28.665,34.67,25.72,45.375,65.03,0
2020-12-01,21.72,28.945,36.17,23.72,49.805,75.89,0
2020-12-02,20.84,28.465,36.09,23.39,58.345,93.3,12.45
2020-12-03,21.31,25.605,29.9,48.94,70.52,92.1,0
2020-12-04,20.4,25.93,31.46,43.13,66.465,89.8,12.7
2020-12-05,21.17,27.51,33.85,33.46,63.33,93.2,16
2020-12-06,21.65,26.28,30.91,48.88,70.99,93.1,254
2020-12-07,21.17,25.095,29.02,58.63,75.415,92.2,12.7
2020-12-08,20.6,23.955,27.31,68.8,81.1,93.4,24.38
2020-12-09,20.97,25.585,30.2,49.82,71.31,92.8,5.334
2020-12-10,19.7,25.88,32.06,42.83,67.365,91.9,17.53
2020-12-11,18.11,24.565,31.02,40.39,65.495,90.6,10.92
2020-12-12,19.57,22.92,26.27,58.77,75.135,91.5,254
2020-12-13,20.84,24.6,28.36,59.27,76.035,92.8,16.51
2020-12-14,21.21,26.28,31.35,43.1,67.8,92.5,2.54
2020-12-15,20.16,25.42,30.68,54.15,73.275,92.4,33.27
2020-12-16,20.46,26.195,31.93,43.57,67.735,91.9,7.366
2020-12-17,20.46,25.3,30.14,45.43,67.915,90.4,254
2020-12-18,20.97,26.785,32.6,43.87,67.085,90.3,4.318
2020-12-19,21.88,27.785,33.69,38.16,61.38,84.6,0
2020-12-20,21.31,27.33,33.35,43.5,67.95,92.4,6.096
2020-12-21,22.05,27.395,32.74,45.83,69.015,92.2,254
2020-12-22,21.38,27.765,34.15,34.61,62.005,89.4,4.318
2020-12-23,21.48,26.94,32.4,48.1,70,91.9,7.366
2020-12-24,20.02,25.925,31.83,50.43,70.865,91.3,0
2020-12-25,18.69,25.63,32.57,45.94,67.87,89.8,0
2020-12-26,19.62,25.96,32.3,43.19,66.345,89.5,10.92
2020-12-27,20.7,24.665,28.63,60.08,76.04,92,9.14
2020-12-28,19.99,24.86,29.73,55.4,73.95,92.5,34.8
2020-12-29,20.13,25.115,30.1,53.37,72.935,92.5,6.604
2020-12-30,19.85,25.11,30.37,51.01,71.455,91.9,24.64
2020-12-31,21,25.45,29.9,45.46,67.73,90,3.556
2021-01-01,20.77,25.37,29.97,47.19,69.445,91.7,0
2021-01-02,20.67,25.2,29.73,48.37,69.935,91.5,254
2021-01-03,19.92,25.365,30.81,46.95,69.275,91.6,0
2021-01-04,18.96,25.125,31.29,42.15,65.625,89.1,0
2021-01-05,20.33,25.84,31.35,44.92,66.76,88.6,0
2021-01-06,22.16,26.86,31.56,37.25,59.975,82.7,0
2021-01-07,22.39,27.21,32.03,40.26,65.03,89.8,0
2021-01-08,20.6,26.245,31.89,44.82,67.86,90.9,1.27
2021-01-09,21.51,26.685,31.86,43.37,67.285,91.2,0
2021-01-10,22.32,27.595,32.87,38.13,63.765,89.4,0
2021-01-11,21.68,27.24,32.8,44.48,67.79,91.1,0
2021-01-12,20.14,26.925,33.71,41.37,67.385,93.4,38.1
2021-01-13,22.19,26.57,30.95,55.47,73.885,92.3,254
2021-01-14,20.83,26.75,32.67,45.16,69.28,93.4,33.78
2021-01-15,21.58,24.95,28.32,58.01,75.005,92,0
2021-01-16,20.19,24.51,28.83,58.99,75.545,92.1,6.096
2021-01-17,21.11,25.34,29.57,50.4,71.65,92.9,31.75
2021-01-18,21.14,23.775,26.41,66.34,79.62,92.9,1.524
2021-01-19,20.57,25.41,30.25,54.15,72.725,91.3,254
2021-01-20,19.69,25.355,31.02,48.2,70,91.8,24.38
2021-01-21,21.17,26.77,32.37,36.47,63.685,90.9,0
2021-01-22,20.36,26.43,32.5,34.04,61.47,88.9,0
2021-01-23,20.03,26.4,32.77,25.42,56.61,87.8,0
2021-01-24,20.54,26.605,32.67,24.57,56.135,87.7,0
2021-01-25,21.58,26.145,30.71,43.91,65.755,87.6,0
2021-01-26,20.07,25.845,31.62,45.56,67.93,90.3,508
2021-01-27,21.11,26.775,32.44,36.27,60.535,84.8,0
2021-01-28,19.9,25.68,31.46,44.41,68.455,92.5,0
2021-01-29,20.81,26.625,32.44,39.82,65.91,92,0
2021-01-30,20.23,26.13,32.03,37.99,64.595,91.2,254
2021-01-31,21.34,27.88,34.42,30.52,59.26,88,0
2021-02-01,20.57,27.735,34.9,31.54,59.92,88.3,0
2021-02-02,20.67,26.89,33.11,37.55,63.975,90.4,3.81
2021-02-03,20.77,27.45,34.13,34.27,63.685,93.1,22.61
2021-02-04,20.59,27.105,33.62,39.58,66.49,93.4,39.88
2021-02-05,22.05,27.38,32.71,48.91,70.305,91.7,1.778
2021-02-06,19.46,24.72,29.98,54.9,72.55,90.2,0
2021-02-07,18.52,24,29.48,35.9,60.7,85.5,0
2021-02-08,17.57,24.325,31.08,36.07,61.035,86,17.02
2021-02-09,17.64,24.125,30.61,32.96,59.58,86.2,12.45
2021-02-10,18.79,25.31,31.83,31.03,58.265,85.5,0
2021-02-11,20,26.775,33.55,29.2,55.25,81.3,0
2021-02-12,20.13,22.495,24.86,63.54,76.62,89.7,254
2021-02-13,20.5,23.64,26.78,65.22,79.11,93,16.76
2021-02-14,21,25.575,30.15,47.05,69.925,92.8,0
2021-02-15,19.13,24.585,30.04,51.48,72.29,93.1,13.46
2021-02-16,20.01,24.655,29.3,52.53,72.815,93.1,254
2021-02-17,21.65,26.755,31.86,40.93,66.565,92.2,0
2021-02-18,19.92,24.505,29.09,55.44,73.57,91.7,10.92
2021-02-19,18.15,24.735,31.32,44.73,68.065,91.4,0
2021-02-20,18.25,25.205,32.16,25.82,50.41,75,0
2021-02-21,19.2,26.39,33.58,24.88,56.24,87.6,0
2021-02-22,20.55,27.525,34.5,27.72,57.16,86.6,0
2021-02-23,21.28,27.65,34.02,36.98,60.69,84.4,0
2021-02-24,22.12,27.935,33.75,36.17,59.585,83,0
2021-02-25,20.73,27.63,34.53,31.06,58.63,86.2,0
2021-02-26,19.22,26.08,32.94,42.59,67.295,92,10.67
2021-02-27,19.67,24.52,29.37,52.4,71.9,91.4,0
2021-02-28,20,24.415,28.83,51.18,70.34,89.5,12.7
2021-03-01,19.26,23.545,27.83,54.03,73.765,93.5,28.45
2021-03-02,20.17,24.77,29.37,49.2,71.15,93.1,0
2021-03-03,19.41,24.95,30.49,48.85,70.475,92.1,19.3
2021-03-04,20.34,24.82,29.3,54.36,73.43,92.5,5.08
2021-03-05,20.53,24.315,28.1,51.56,71.78,92,254
2021-03-06,20.19,24.6,29.01,53.36,72.98,92.6,9.4
2021-03-07,20.47,24.6,28.73,58.49,75.545,92.6,5.334
2021-03-08,17.81,22.245,26.68,67.35,80.525,93.7,30.48
2021-03-09,18.32,23.71,29.1,55.31,74.455,93.6,0
2021-03-10,17.78,24.27,30.76,45.43,68.715,92,1.524
2021-03-11,18.83,25.06,31.29,41.88,65.99,90.1,254
2021-03-12,19.77,25.815,31.86,40.36,64.93,89.5,0
2021-03-13,19.06,25.68,32.3,31.98,59.74,87.5,0
2021-03-14,18.49,25.36,32.23,28.53,58.715,88.9,0
2021-03-15,19.13,24.86,30.59,46.01,68.055,90.1,0
2021-03-16,20.31,26.39,32.47,38.97,64.435,89.9,0
2021-03-17,21.08,27.23,33.38,33.5,61.5,89.5,0
2021-03-18,20.63,26.28,31.93,42.76,67.13,91.5,0
2021-03-19,20.2,23.555,26.91,69.28,80.44,91.6,12.45
2021-03-20,19.64,26.325,33.01,33.77,62.985,92.2,0
2021-03-21,20.21,26.27,32.33,39.11,65.455,91.8,0
2021-03-22,20.58,26.54,32.5,32.52,58.41,84.3,0
2021-03-23,20.64,26.74,32.84,30.39,55.16,79.93,0
2021-03-24,20.88,27.17,33.46,34.07,57.435,80.8,0
2021-03-25,20.74,27.79,34.84,29.71,56.255,82.8,0
2021-03-26,21.28,27.94,34.6,31.74,56.52,81.3,0
2021-03-27,22.09,28.495,34.9,33.02,57.51,82,0
2021-03-28,19.98,26.565,33.15,37.32,64.16,91,1.524
2021-03-29,20.99,27.355,33.72,33.77,62.085,90.4,0
2021-03-30,19.97,27.115,34.26,30.15,58.175,86.2,0
2021-03-31,18.96,25.97,32.98,31.84,60.07,88.3,0
2021-04-01,18.18,24.405,30.63,41.42,64.71,88,0
2021-04-02,15.05,22.665,30.28,35.5,60,84.5,0
2021-04-03,15.26,23.035,30.81,28.94,58.37,87.8,0
2021-04-04,15.9,23.7,31.5,31.64,59.57,87.5,0
2021-04-05,16.71,24.54,32.37,29,57.6,86.2,0
2021-04-06,17.98,25.55,33.12,32.25,58.025,83.8,0
2021-04-07,18.52,24.15,29.78,53.39,73.395,93.4,19.3
2021-04-08,18.76,24.505,30.25,41.14,66.42,91.7,0
2021-04-09,19.57,25.1,30.63,37.77,56.81,75.85,0
2021-04-10,17.42,23.955,30.49,31.07,52.305,73.54,0
2021-04-11,16.36,23.64,30.92,27.48,52.5,77.52,0
2021-04-12,16.85,24.12,31.39,26.16,52.1,78.04,0
2021-04-13,17.12,24.965,32.81,21.97,50.785,79.6,0
2021-04-14,16.51,24.32,32.13,31.13,57.815,84.5,0
2021-04-15,15.56,23.345,31.13,34.62,61.21,87.8,0
2021-04-16,16.2,24.09,31.98,33.61,60.655,87.7,3.556
2021-04-17,19.2,25.62,32.04,36.75,64.075,91.4,4.064
2021-04-18,18.49,24.425,30.36,39.15,65.725,92.3,5.588
2021-04-19,16.54,22.15,27.76,53.15,72.675,92.2,254
2021-04-20,15.05,21.455,27.86,43.52,67.71,91.9,0
2021-04-21,14.95,21.44,27.93,35.44,63.62,91.8,0
2021-04-22,13.68,21.005,28.33,31.27,61.635,92,0
2021-04-23,13.04,20.72,28.4,25.83,59.065,92.3,0
2021-04-24,13.85,21.225,28.6,30.56,60.63,90.7,0
2021-04-25,16.32,23.605,30.89,23.8,50.99,78.18,0
2021-04-26,17.93,24.595,31.26,27.79,53.41,79.03,0
2021-04-27,16.04,23.4,30.76,32.01,58.955,85.9,0
2021-04-28,15.14,22.7,30.26,30.8,58.3,85.8,0
2021-04-29,13.72,22.22,30.72,19.13,52.865,86.6,0
2021-04-30,13.34,20.685,28.03,25.12,56.61,88.1,0
2021-05-01,13.58,21.65,29.72,37.5,62.7,87.9,0
2021-05-02,16.68,23.15,29.62,35.03,55.775,76.52,0
2021-05-03,15.6,22.64,29.68,28.67,52.95,77.23,0
2021-05-04,16.21,23.06,29.91,25.93,47.66,69.39,0
2021-05-05,17.59,24.375,31.16,25.05,46.635,68.22,0
2021-05-06,17.73,24.75,31.77,22.31,45.03,67.75,0
2021-05-07,14.92,23.56,32.2,19.03,55.615,92.2,0
2021-05-08,13.68,20.08,26.48,47.27,69.685,92.1,0
2021-05-09,14.02,21.9,29.78,31.24,60.32,89.4,0
2021-05-10,14.12,22.1,30.08,33.2,61.35,89.5,0
2021-05-11,16.54,23.215,29.89,32.63,56.215,79.8,0
2021-05-12,15.73,23.415,31.1,29.48,53,76.52,0
2021-05-13,14.88,22.74,30.6,29.99,59.645,89.3,0
2021-05-14,13.38,20.535,27.69,40.07,64.785,89.5,0
2021-05-15,13.45,21.095,28.74,37.23,63.665,90.1,0
2021-05-16,15.94,22.825,29.71,32.18,57.79,83.4,0
2021-05-17,15.7,22.91,30.12,27.02,56.21,85.4,0
2021-05-18,16.27,23.075,29.88,25.12,49.315,73.51,0
2021-05-19,13.17,21.545,29.92,29.89,54.18,78.47,0
2021-05-20,15.14,22.36,29.58,25.02,49.2,73.38,0
2021-05-21,15.24,23.335,31.43,20.08,44.145,68.21,0
2021-05-22,17.12,24.43,31.74,19.44,42.26,65.08,0
2021-05-23,16.54,21.63,26.72,45.32,68.56,91.8,4.572
2021-05-24,11.26,16.775,22.29,66.06,79.38,92.7,23.37
2021-05-25,10.65,16.02,21.39,29.8,55.1,80.4,0
2021-05-26,11.5,19.41,27.32,13.93,42.44,70.95,0
2021-05-27,16.58,23.295,30.01,19.95,44.71,69.47,0
2021-05-28,18.1,24.545,30.99,29.55,50.285,71.02,0
2021-05-29,19.03,25.57,32.11,30.8,57.3,83.8,0
2021-05-30,19.03,25.555,32.08,28.47,55.985,83.5,0
2021-05-31,17.05,24.02,30.99,33.37,56.935,80.5,0
2021-06-01,16.27,21.475,26.68,39.59,59.005,78.42,0
2021-06-02,15.87,22.3,28.73,30.9,54.335,77.77,0
2021-06-03,15.26,23.05,30.84,29.04,56.72,84.4,0
2021-06-04,16.31,24.005,31.7,19.67,51.435,83.2,0
2021-06-05,16.95,24.075,31.2,28.13,48.65,69.17,0
2021-06-06,16.61,23.77,30.93,21.91,46.795,71.68,0
2021-06-07,17.02,23.89,30.76,28.33,50.715,73.1,0
2021-06-08,14.12,22.44,30.76,30.16,61.43,92.7,0
2021-06-09,14.39,20.84,27.29,38.95,66.025,93.1,0
2021-06-10,16.78,23.515,30.25,30.49,60.745,91,0
2021-06-11,15.8,18.32,20.84,73.9,83.3,92.7,6.604
2021-06-12,14.31,18.715,23.12,62.74,78.52,94.3,254
2021-06-13,11.8,18.445,25.09,44.46,69.33,94.2,0
2021-06-14,11.77,18.835,25.9,28.54,57.32,86.1,0
2021-06-15,11.6,20.05,28.5,31.48,59.24,87,0
2021-06-16,13.6,21.085,28.57,28.64,55.67,82.7,0
2021-06-17,11.53,19.085,26.64,25.46,57.13,88.8,0
2021-06-18,13.68,20.11,26.54,25.36,52.68,80,0
2021-06-19,14.46,21.75,29.04,26.41,49.835,73.26,0
2021-06-20,15.15,23.075,31,21.74,54.22,86.7,0
2021-06-21,14.38,20.325,26.27,45.17,65.985,86.8,0
2021-06-22,14.06,21.48,28.9,33.54,58.87,84.2,0
2021-06-23,15.22,22.585,29.95,35.33,63.665,92,0
2021-06-24,14.96,21.48,28,36.18,64.04,91.9,0
2021-06-25,15.23,23.4,31.57,25.83,53.815,81.8,0
2021-06-26,17.12,24.7,32.28,24.34,48.095,71.85,0
2021-06-27,16.04,23.57,31.1,23.5,45.455,67.41,0
2021-06-28,13.14,21.475,29.81,19.61,55.255,90.9,0
2021-06-29,8.96,16.705,24.45,40.51,66.905,93.3,0
2021-06-30,2.293,9.5765,16.86,21.93,52.665,83.4,0
2021-07-01,3.008,10.484,17.96,18.41,50.255,82.1,0
2021-07-02,3.514,14.232,24.95,20.19,46.4,72.61,0
2021-07-03,11.87,20.405,28.94,22.55,44.72,66.89,0
2021-07-04,11.63,20.42,29.21,21.5,45.005,68.51,0
2021-07-05,10.45,19.02,27.59,22.79,48.205,73.62,0
2021-07-06,12.24,19.865,27.49,19.71,45.09,70.47,0
2021-07-07,9.28,17.98,26.68,18.97,49.935,80.9,0
2021-07-08,10.23,18.925,27.62,18.87,49.31,79.75,0
2021-07-09,11.94,19.53,27.12,16.6,42.605,68.61,0
2021-07-10,11.94,20.64,29.34,14.27,41.71,69.15,0
2021-07-11,13.29,21.505,29.72,17.04,39.095,61.15,0
2021-07-12,14.12,21.55,28.98,18.6,36.835,55.07,0
2021-07-13,13.85,21.65,29.45,17.79,38.99,60.19,0
2021-07-14,13.85,21.905,29.96,18.77,39.565,60.36,0
2021-07-15,13.92,22.02,30.12,19.47,41.385,63.3,0
2021-07-16,13.72,22.46,31.2,18.83,41.575,64.32,0
2021-07-17,14.35,22.925,31.5,18.93,51.115,83.3,0
2021-07-18,14.39,22.525,30.66,24.78,57.34,89.9,0
2021-07-19,3.208,14.539,25.87,22.86,56.78,90.7,0
2021-07-20,3.344,11.457,19.57,7.985,38.077,68.17,0
2021-07-21,6.949,16.139,25.33,8.29,34.435,60.58,0
2021-07-22,6.983,18.266,29.55,12.75,39.795,66.84,0
2021-07-23,13.65,22.54,31.43,16.84,32.165,47.49,0
2021-07-24,13.72,21.67,29.62,12.88,38.6,64.32,0
2021-07-25,12.16,20.465,28.77,17.82,41.46,65.1,0
2021-07-26,12.13,20.94,29.75,18.87,41.985,65.1,0
2021-07-27,14.09,22.54,30.99,19.68,39.71,59.74,0
2021-07-28,13.84,23.28,32.72,19.1,50.15,81.2,0
2021-07-29,2.496,8.843,15.19,60.13,73.665,87.2,0
2021-07-30,2.496,9.703,16.91,23.41,48.995,74.58,0
2021-07-31,4.693,12.9215,21.15,12.51,46.305,80.1,0
2021-08-01,5.899,16.424,26.95,17.51,48.955,80.4,0
2021-08-02,9.27,18.195,27.12,28.67,52.34,76.01,0
2021-08-03,11.63,20.045,28.46,24.48,49.475,74.47,0
2021-08-04,9.2,17.905,26.61,23.13,53.465,83.8,0
2021-08-05,9.14,18.145,27.15,20.63,52.665,84.7,0
2021-08-06,12.84,20.14,27.44,28.47,50.39,72.31,0
2021-08-07,15.17,21.365,27.56,28.88,47.875,66.87,0
2021-08-08,15.8,22.37,28.94,22.99,44.49,65.99,0
2021-08-09,14.86,22,29.14,20.69,41.52,62.35,0
2021-08-10,15.27,22.88,30.49,17.61,39.505,61.4,0
2021-08-11,13.71,22.935,32.16,12.57,33.31,54.05,0
2021-08-12,13.38,23.16,32.94,13.15,46.975,80.8,0
2021-08-13,12.7,22.555,32.41,17.31,50.955,84.6,0
2021-08-14,12.63,22.265,31.9,18.83,53.915,89,0
2021-08-15,12.87,22.64,32.41,18.59,53.745,88.9,0
2021-08-16,17.22,25.42,33.62,17.58,44.39,71.2,0
2021-08-17,19.16,26.88,34.6,14.06,34.885,55.71,0
2021-08-18,19.33,27.1,34.87,14.26,34.865,55.47,0
2021-08-19,19.27,26.9,34.53,14.37,33.365,52.36,0
2021-08-20,16.81,25.095,33.38,15.58,35.365,55.15,0
2021-08-21,16.93,24.785,32.64,14.06,34.54,55.02,0
2021-08-22,17.39,24.945,32.5,15.01,31.545,48.08,0
2021-08-23,17.69,25.4,33.11,15.14,32.295,49.45,0
2021-08-24,18.73,26.885,35.04,14.4,31.385,48.37,0
2021-08-25,19.3,27.695,36.09,13.79,30.885,47.98,0
2021-08-26,19.67,27.86,36.05,13.79,29.76,45.73,0
2021-08-27,16.56,24.435,32.31,23.53,47.23,70.93,0
2021-08-28,16.9,24,31.1,30.66,51.45,72.24,0
2021-08-29,16.47,20.325,24.18,48.34,69.37,90.4,0
2021-08-30,15.05,19.745,24.44,55.41,72.255,89.1,254
2021-08-31,15.36,22.59,29.82,29.01,56.605,84.2,0
2021-09-01,17.61,24.2,30.79,21.4,41.935,62.47,0
2021-09-02,17.41,24,30.59,19.78,40.12,60.46,0
2021-09-03,17.22,24.645,32.07,18.05,38.345,58.64,0
2021-09-04,18.34,26.605,34.87,10.44,31.665,52.89,0
2021-09-05,18.74,27.28,35.82,10.68,26.79,42.9,0
2021-09-06,19.23,28.52,37.81,12.1,32.805,53.51,0
2021-09-07,17.44,27.625,37.81,14.26,45.53,76.8,0
2021-09-08,18.32,28.655,38.99,10.07,42.35,74.63,0
2021-09-09,20.9,30.065,39.23,11.93,47.115,82.3,0
2021-09-10,18.79,24.22,29.65,40.27,65.985,91.7,1.27
2021-09-11,16,22.435,28.87,36.55,63.625,90.7,0
2021-09-12,17.02,23.235,29.45,29.28,55.04,80.8,1.016
2021-09-13,19.57,28.47,37.37,13.69,41.91,70.13,254
2021-09-14,21.31,30.115,38.92,11.42,29.31,47.2,0
2021-09-15,20.8,28.68,36.56,18.52,53.91,89.3,3.048
2021-09-16,19.63,27.42,35.21,24.98,51.93,78.88,0
2021-09-17,18.72,26.475,34.23,28.9,53.165,77.43,0
2021-09-18,19.2,28,36.8,18.25,45.645,73.04,0
2021-09-19,22.65,30.345,38.04,13.25,29.635,46.02,0
2021-09-20,24.29,31.65,39.01,13.48,27.795,42.11,0
2021-09-21,23.52,31.91,40.3,11.93,28.54,45.15,0
2021-09-22,17.95,29.53,41.11,9.46,38.61,67.76,0
2021-09-23,13.84,21.93,30.02,22.69,45.71,68.73,0
2021-09-24,14.38,23.66,32.94,22,46.38,70.76,0
2021-09-25,16.04,26.045,36.05,21.23,44.44,67.65,0
2021-09-26,20.84,28.125,35.41,20.99,40.14,59.29,0
2021-09-27,17.95,26.58,35.21,24.1,57.1,90.1,5.334
2021-09-28,18.42,25.785,33.15,22.58,55.19,87.8,0
2021-09-29,20.82,28.7,36.58,18.49,42.095,65.7,0
2021-09-30,19.69,27.955,36.22,20.35,48.835,77.32,0
2021-10-01,20.1,28.495,36.89,19.91,47.26,74.61,0
2021-10-02,18.08,28.215,38.35,19.43,56.265,93.1,23.37
2021-10-03,19.83,24.315,28.8,48.42,67.96,87.5,0
2021-10-04,18.68,27.74,36.8,25.15,59.225,93.3,16.51
2021-10-05,20.37,27.435,34.5,34.65,60.475,86.3,0
2021-10-06,18.18,26.185,34.19,32.21,57.805,83.4,0
2021-10-07,19.26,27.72,36.18,25.25,52.26,79.27,0
2021-10-08,17.13,21.07,25.01,66.6,79.25,91.9,6.35
2021-10-09,17.57,25.085,32.6,33.67,60.385,87.1,0
2021-10-10,17.71,26.915,36.12,27.85,60.975,94.1,33.27
2021-10-11,18.79,20.555,22.32,81.8,87.6,93.4,7.62
2021-10-12,18.66,23.895,29.13,49.22,69.71,90.2,254
2021-10-13,19.37,25.65,31.93,29.34,56.67,84,0
2021-10-14,21.38,27.62,33.86,26.2,49.05,71.9,0
2021-10-15,18.64,24.755,30.87,47.37,70.785,94.2,19.56
2021-10-16,19.35,26.095,32.84,34.38,64.24,94.1,29.46
2021-10-17,20.44,25.38,30.32,46.15,69.225,92.3,0
2021-10-18,19.19,25.78,32.37,39.01,62.855,86.7,0
2021-10-19,18.39,23.73,29.07,53.28,71.04,88.8,0
2021-10-20,14.04,21.18,28.32,51.69,70.395,89.1,1.016
2021-10-21,13.41,21.17,28.93,27.38,57.19,87,0
2021-10-22,15.15,22.415,29.68,28.3,55.25,82.2,0
2021-10-23,16.31,23.645,30.98,20.75,46.73,72.71,0
2021-10-24,17.67,26.64,35.61,19.74,56.97,94.2,23.11
2021-10-25,17.71,19.63,21.55,75.66,84.73,93.8,2.286
2021-10-26,19.69,25.285,30.88,40.12,66.26,92.4,0
2021-10-27,20.87,26.735,32.6,36.74,63.62,90.5,6.858
2021-10-28,21.34,25.175,29.01,53.11,71.805,90.5,0
2021-10-29,20.27,25.41,30.55,46.62,67.36,88.1,0
2021-10-30,20.24,26.91,33.58,30.76,57.68,84.6,0
2021-10-31,18.42,25.815,33.21,32.21,63.055,93.9,67.56
2021-11-01,18.39,20.805,23.22,72.38,83.29,94.2,11.43
2021-11-02,18.05,23.695,29.34,43.54,67.12,90.7,0
2021-11-03,18.32,24.5,30.68,36.94,62.92,88.9,0
2021-11-04,19.71,25.935,32.16,30.83,56.115,81.4,0
2021-11-05,19.41,26.58,33.75,23.69,45.765,67.84,0
2021-11-06,20.43,27.715,35,21.02,48.39,75.76,0
2021-11-07,21.65,28.735,35.82,26.47,50.235,74,0
2021-11-08,19.9,27.505,35.11,25.35,52.185,79.02,0
2021-11-09,22.02,28.53,35.04,28.9,54.34,79.78,0
2021-11-10,19.5,27.15,34.8,32.75,59.975,87.2,4.572
2021-11-11,19.33,26.375,33.42,35.09,63.895,92.7,20.07
2021-11-12,16.9,21.905,26.91,65.6,79.1,92.6,254
2021-11-13,14.27,20.255,26.24,55.69,71.095,86.5,0
2021-11-14,16.03,22.48,28.93,27.62,50.29,72.96,0
2021-11-15,18.76,25.245,31.73,30.42,55.96,81.5,0
2021-11-16,19.74,25.6,31.46,24.4,48.065,71.73,0
2021-11-17,21.78,27.025,32.27,26.94,50.91,74.88,0
2021-11-18,21.61,26.905,32.2,38.6,63.55,88.5,0
2021-11-19,20.94,24.18,27.42,61.71,77.655,93.6,46.48
2021-11-20,19.92,23.425,26.93,68.06,80.18,92.3,7.62
2021-11-21,15.46,22.85,30.24,47.69,68.645,89.6,0
2021-11-22,16.8,23.605,30.41,28.53,56.715,84.9,0
2021-11-23,18.68,26.455,34.23,24.91,49.59,74.27,0
2021-11-24,19.58,27.445,35.31,20.89,41.42,61.95,0
2021-11-25,22.03,28.18,34.33,25.49,47.055,68.62,0
2021-11-26,22.02,28.055,34.09,30.32,59.76,89.2,508
2021-11-27,20.6,24.485,28.37,64.14,78.87,93.6,20.57
2021-11-28,19.13,25.485,31.84,30.26,61.93,93.6,254
2021-11-29,22.73,28.09,33.45,31.1,56.95,82.8,0
2021-11-30,21.61,26.285,30.96,49.42,70.51,91.6,1.778
2021-12-01,20.3,23.76,27.22,63.63,78.315,93,762
2021-12-02,18.76,25.26,31.76,40.29,66.345,92.4,0
2021-12-03,19.43,25.935,32.44,36.13,62.015,87.9,1.27
2021-12-04,19.03,26.035,33.04,35.46,59.58,83.7,0
2021-12-05,21.21,26.925,32.64,36.44,62.42,88.4,7.112
2021-12-06,21.61,25.615,29.62,53.96,71.93,89.9,0
2021-12-07,19.46,25.355,31.25,37.32,62.81,88.3,3.302
2021-12-08,15.43,23.01,30.59,42.9,63.75,84.6,0
2021-12-09,15.73,22.515,29.3,36.85,60.625,84.4,0
2021-12-10,17.19,23.7,30.21,28.73,52.765,76.8,0
2021-12-11,19.23,25.63,32.03,25.52,45.405,65.29,0
2021-12-12,20.36,27.58,34.8,18.08,43.74,69.4,0
2021-12-13,21.14,28.36,35.58,24.24,58.92,93.6,21.84
2021-12-14,21.17,25.645,30.12,51.73,72.915,94.1,38.1
2021-12-15,22.19,25.23,28.27,65.6,79.5,93.4,17.78
2021-12-16,21.34,22.94,24.54,82.5,88,93.5,38.1
2021-12-17,21.79,25.55,29.31,59.87,76.835,93.8,26.92
2021-12-18,21.17,26.13,31.09,51.52,72.76,94,117.3
2021-12-19,19.3,24.755,30.21,55.5,74.75,94,0
2021-12-20,17.88,23.995,30.11,47.87,67.285,86.7,0
2021-12-21,19.92,26.23,32.54,34.65,57.295,79.94,0
2021-12-22,22.6,28.23,33.86,33.23,57.215,81.2,0
2021-12-23,21.95,28.175,34.4,33.02,59.66,86.3,0
2021-12-24,17.07,22.7,28.33,59.44,71.72,84,254
2021-12-25,15.53,22.72,29.91,28.67,57.335,86,0
2021-12-26,17.95,24.485,31.02,31.84,55.235,78.63,0
2021-12-27,20.21,26.745,33.28,25.08,54.64,84.2,0
2021-12-28,20.53,27.65,34.77,28.49,56.195,83.9,0
2021-12-29,20.2,26.81,33.42,37.25,63.075,88.9,0
2021-12-30,19.28,24.73,30.18,48.58,71.39,94.2,27.69
2021-12-31,18.79,22.905,27.02,59.71,76.655,93.6,10.92
2022-01-01,20.41,25.4,30.39,50.24,71.92,93.6,1.27
2022-01-02,20.87,24.365,27.86,56.6,73.2,89.8,0
2022-01-03,21,24.06,27.12,67.72,80.21,92.7,13.21
2022-01-04,21.48,26.485,31.49,46.85,70.125,93.4,18.54
2022-01-05,20.5,25.035,29.57,59.33,76.365,93.4,17.53
2022-01-06,20.91,25.395,29.88,58.02,75.26,92.5,762
2022-01-07,21.07,25.595,30.12,58.32,75.91,93.5,34.8
2022-01-08,17.88,22.87,27.86,62.21,77.755,93.3,0
2022-01-09,18.39,23.95,29.51,49.86,68.53,87.2,0
2022-01-10,17.11,22.285,27.46,58.09,74.945,91.8,0
2022-01-11,17.71,23.005,28.3,50.31,71.255,92.2,0
2022-01-12,20.68,25.245,29.81,46.08,69.19,92.3,0
2022-01-13,20.81,25.515,30.22,44.36,68.53,92.7,762
2022-01-14,21.78,26.62,31.46,46.62,69.26,91.9,0
2022-01-15,22.12,28.175,34.23,34.41,58.955,83.5,0
2022-01-16,21.21,27.99,34.77,29.41,54.105,78.8,0
2022-01-17,19.54,24.495,29.45,50.52,70.71,90.9,3.81
2022-01-18,21.14,26.755,32.37,35.66,61.38,87.1,0
2022-01-19,19.74,26.14,32.54,43.06,68.43,93.8,27.69
2022-01-20,20.68,26.04,31.4,42.9,67.35,91.8,0
2022-01-21,21.34,27.295,33.25,35.76,61.98,88.2,0
2022-01-22,22.26,28.885,35.51,30.05,59.475,88.9,0
2022-01-23,21.85,28.4,34.95,34.24,62.57,90.9,762
2022-01-24,20.09,27.785,35.48,34.54,63.67,92.8,37.34
2022-01-25,21.58,27.7,33.82,44.28,67.14,90,0
2022-01-26,21.89,26.88,31.87,38.27,63.735,89.2,0
2022-01-27,21.99,26.815,31.64,47.43,68.015,88.6,0
2022-01-28,20.97,26.555,32.14,44.96,67.63,90.3,0
2022-01-29,20.5,25.18,29.86,54.84,74.22,93.6,20.32
2022-01-30,21.07,23.755,26.44,68.37,80.985,93.6,13.46
2022-01-31,20.1,24.235,28.37,57.95,76.025,94.1,27.18
2022-02-01,20.58,24.355,28.13,58.97,76.535,94.1,11.68
2022-02-02,20.67,22.15,23.63,83.6,88.65,93.7,14.48
2022-02-03,20.07,22.69,25.31,76.95,85.325,93.7,16.51
2022-02-04,20.27,25.565,30.86,51.56,72.63,93.7,9.91
2022-02-05,21.01,26.155,31.3,46.59,70.145,93.7,0
2022-02-06,21.17,26.96,32.75,44.52,68.61,92.7,0
2022-02-07,21.68,26.41,31.14,53.69,73.495,93.3,4.064
2022-02-08,19.5,22.82,26.14,73.74,83.77,93.8,51.05
2022-02-09,18.99,24.605,30.22,47.94,70.72,93.5,0
2022-02-10,18.15,24.66,31.17,38.07,64.085,90.1,0
2022-02-11,18.93,25.325,31.72,41.58,64.99,88.4,0
2022-02-12,19.64,24.835,30.03,50.38,71.34,92.3,0
2022-02-13,20.04,25.485,30.93,45.77,68.785,91.8,0
2022-02-14,20.38,26.73,33.08,41.32,64.61,87.9,0
2022-02-15,20.04,26.735,33.43,32.12,58.36,84.6,0
2022-02-16,21.08,27.535,33.99,32.18,60.14,88.1,0
2022-02-17,20.08,26.97,33.86,38.47,63.135,87.8,1.778
2022-02-18,19.5,25.69,31.88,37.94,66.07,94.2,16.26
2022-02-19,18.76,22.94,27.12,53.85,73.975,94.1,0
2022-02-20,19.2,25.165,31.13,39.49,65.045,90.6,0
2022-02-21,20.11,25.975,31.84,37.46,64.23,91,0
2022-02-22,21.16,26.605,32.05,40.3,65.25,90.2,0
2022-02-23,21.95,27.86,33.77,38.3,62.3,86.3,0
2022-02-24,23.1,28.835,34.57,34.01,59.655,85.3,0
2022-02-25,21.79,28.15,34.51,33.94,62.42,90.9,3.556
2022-02-26,20.69,28.135,35.58,36.1,63.3,90.5,26.16
2022-02-27,21.18,28.11,35.04,38.97,63.835,88.7,0
2022-02-28,21.92,28.16,34.4,35.39,61.145,86.9,2.286
2022-03-01,22.12,28.215,34.31,32.18,58.04,83.9,508
2022-03-02,20.28,27.295,34.31,32.52,62.61,92.7,3.81
2022-03-03,20.92,26.335,31.75,48.95,70.625,92.3,6.604
2022-03-04,19.84,26.665,33.49,33.94,63.37,92.8,1.27
2022-03-05,20.62,26.465,32.31,38.17,65.485,92.8,8.89
2022-03-06,21.38,27.135,32.89,31.74,58.47,85.2,0
2022-03-07,21.4,27.21,33.02,31.82,54.775,77.73,0
2022-03-08,21.52,27.745,33.97,30.87,57.435,84,0
2022-03-09,22.71,28.425,34.14,33.47,57.785,82.1,0
2022-03-10,21.88,26.675,31.47,41.72,62.11,82.5,0
2022-03-11,21.14,27.64,34.14,30.66,58.98,87.3,0
2022-03-12,21.32,27.985,34.65,32.59,60.045,87.5,0
2022-03-13,21.18,26.8,32.42,43,67.35,91.7,3.048
2022-03-14,21.41,26.125,30.84,43.58,67.74,91.9,0
2022-03-15,21.35,26.465,31.58,42.6,68,93.4,7.874
2022-03-16,21.75,25.87,29.99,54.34,73.82,93.3,21.08
2022-03-17,22.19,26.465,30.74,52.78,73.04,93.3,0
2022-03-18,22.26,27.725,33.19,38.71,64.855,91,0
2022-03-19,21.99,27.98,33.97,38.44,63.67,88.9,0
2022-03-20,21.01,26.525,32.04,50.14,71.57,93,1.27
2022-03-21,18.96,25.255,31.55,52.07,72.235,92.4,4.572
2022-03-22,17.83,23.725,29.62,49.03,68.115,87.2,0
2022-03-23,18.78,25.115,31.45,34.72,59.16,83.6,0
2022-03-24,20.75,26.64,32.53,33.37,57.435,81.5,0
2022-03-25,20.35,27.55,34.75,29.61,59.805,90,0
2022-03-26,19.71,26.555,33.4,40.81,66.105,91.4,0
2022-03-27,20.75,26.315,31.88,44.59,69.245,93.9,26.67
2022-03-28,21.38,25.075,28.77,52.04,72.97,93.9,254
2022-03-29,18.66,25.39,32.12,46.32,69.31,92.3,0
2022-03-30,19.78,26.67,33.56,35.19,62.495,89.8,0
2022-03-31,21.46,27.735,34.01,32.72,60.16,87.6,0
2022-04-01,19.16,26.13,33.1,36.52,65.06,93.6,254
2022-04-02,17.42,22.605,27.79,59.41,76.505,93.6,0
2022-04-03,17.83,24.77,31.71,41.28,67.29,93.3,0
2022-04-04,18.67,25.965,33.26,35.8,63.5,91.2,254
2022-04-05,20.69,27.23,33.77,36.44,63.37,90.3,0
2022-04-06,20.31,27.375,34.44,33.64,62.27,90.9,0
2022-04-07,19.77,26.43,33.09,39.96,65.18,90.4,0
2022-04-08,20.15,27.38,34.61,30.6,58.75,86.9,0
2022-04-09,21.66,27.515,33.37,42.2,65.2,88.2,0
2022-04-10,20.08,26.99,33.9,39.93,65.565,91.2,1.524
2022-04-11,20.04,26.77,33.5,37.8,64.15,90.5,0
2022-04-12,20.62,27.565,34.51,31.51,61.855,92.2,7.366
2022-04-13,20.75,26.37,31.99,42.37,67.685,93,0
2022-04-14,18.09,23.755,29.42,58.09,76.145,94.2,8.38
2022-04-15,16.44,22.135,27.83,52.44,73.32,94.2,0
2022-04-16,11.91,19.465,27.02,38.21,64.455,90.7,0
2022-04-17,12.21,19.175,26.14,31.11,61.305,91.5,0
2022-04-18,12.82,21.32,29.82,26.91,59.255,91.6,0
2022-04-19,13.99,22.06,30.13,38.41,63.555,88.7,0
2022-04-20,16.02,24.205,32.39,31.41,59.855,88.3,0
2022-04-21,17.73,25.315,32.9,28.3,56.95,85.6,0
2022-04-22,17.56,24.975,32.39,20.15,50.125,80.1,0
2022-04-23,17.76,25.18,32.6,25.33,50.385,75.44,0
2022-04-24,16.01,22.82,29.63,34.49,59.895,85.3,0
2022-04-25,17.24,24.965,32.69,29.24,57.12,85,0
2022-04-26,17.76,25.935,34.11,28.67,56.685,84.7,0
2022-04-27,20.31,26.925,33.54,30.63,55.465,80.3,0
2022-04-28,19.98,26.795,33.61,29.18,54.69,80.2,0
2022-04-29,19.12,26.63,34.14,24.68,50.38,76.08,0
2022-04-30,17.39,25.535,33.68,21.7,56.65,91.6,0
2022-05-01,17.49,25.075,32.66,29.59,60.745,91.9,0
2022-05-02,18.74,26.49,34.24,23.39,50.585,77.78,0
2022-05-03,18.47,26.22,33.97,22.68,51.89,81.1,0
2022-05-04,16.34,25.395,34.45,17.34,54.97,92.6,8.13
2022-05-05,9.92,15.605,21.29,54.8,73.9,93,3.302
2022-05-06,10.77,16.985,23.2,43.29,68.245,93.2,0
2022-05-07,12.35,19.87,27.39,34.35,63.625,92.9,0
2022-05-08,12.82,20.305,27.79,38.01,65.305,92.6,0
2022-05-09,13.92,22.48,31.04,37.73,64.815,91.9,0
2022-05-10,17.05,24.03,31.01,36.52,64.26,92,0
2022-05-11,17.22,24.23,31.24,33.06,62.13,91.2,0
2022-05-12,16.95,21.365,25.78,59.79,76.545,93.3,0
2022-05-13,14.9,21.805,28.71,42.57,68.135,93.7,0
2022-05-14,14.39,21.855,29.32,34.59,62.345,90.1,0
2022-05-15,14.8,23.41,32.02,29.59,62.045,94.5,0
2022-05-16,17.56,21.285,25.01,64.64,79.62,94.6,254
2022-05-17,9.47,16.665,23.86,56.15,74.575,93,0
2022-05-18,6.345,12.1875,18.03,30.18,57.39,84.6,0
2022-05-19,5.94,10.81,15.68,46.78,68.04,89.3,0
2022-05-20,5.729,12.5295,19.33,40.05,64.725,89.4,0
2022-05-21,7.906,14.968,22.03,30.2,58.35,86.5,0
2022-05-22,9.62,16.905,24.19,24.93,49.255,73.58,0
2022-05-23,10.84,18.645,26.45,23.74,46.305,68.87,0
2022-05-24,11.98,20.04,28.1,26.14,50.985,75.83,0
2022-05-25,15.17,22.31,29.45,24.65,49.65,74.65,0
2022-05-26,13.63,20.8,27.97,28.47,54.635,80.8,0
2022-05-27,13.74,20.985,28.23,30.16,55.43,80.7,0
2022-05-28,14.97,21.79,28.61,28.61,53.985,79.36,0
2022-05-29,15.07,22.31,29.55,28.44,55.67,82.9,0
2022-05-30,15.21,22.89,30.57,28.74,55.82,82.9,0
2022-05-31,16.19,23.9,31.61,29.82,61.86,93.9,0
2022-06-01,16.64,23.01,29.38,45.65,69.775,93.9,254
2022-06-02,17.46,24.13,30.8,31.34,60.22,89.1,0
2022-06-03,17.08,24.365,31.65,28.06,60.98,93.9,0
2022-06-04,13.68,20.67,27.66,50.52,72.41,94.3,0
2022-06-05,13.78,20.62,27.46,42.3,66.7,91.1,0
2022-06-06,14.16,22.095,30.03,35.5,61.95,88.4,0
2022-06-07,15.21,22.415,29.62,30.4,55.55,80.7,0
2022-06-08,14.97,23.14,31.31,27.86,60.28,92.7,0
2022-06-09,16.58,21.015,25.45,57.84,75.92,94,254
2022-06-10,16.51,20.015,23.52,65.58,79.84,94.1,0
2022-06-11,15.23,20.15,25.07,57.6,75.6,93.6,0
2022-06-12,10.38,16.31,22.24,53.71,73.705,93.7,0
2022-06-13,8.27,13.945,19.62,37.23,63.615,90,0
2022-06-14,6.923,15.286,23.65,21.2,54.8,88.4,0
2022-06-15,7.364,15.457,23.55,30.51,59.755,89,0
2022-06-16,12.58,20.95,29.32,34.06,55.23,76.4,0
2022-06-17,13.77,22.065,30.36,25.26,49.9,74.54,0
2022-06-18,14.28,22.61,30.94,21.3,57.7,94.1,0
2022-06-19,9.97,15.47,20.97,69.8,82.2,94.6,254
2022-06-20,11.87,17.9,23.93,54.29,74.395,94.5,0
2022-06-21,14.73,21.245,27.76,43.21,67.355,91.5,0
2022-06-22,15.82,22.635,29.45,33.85,59.375,84.9,0
2022-06-23,15.28,22.655,30.03,28.13,54.265,80.4,0
2022-06-24,14.19,21.77,29.35,21.98,47.245,72.51,0
2022-06-25,14.38,22.37,30.36,24.18,44.64,65.1,0
2022-06-26,13.43,21.135,28.84,24.89,58.445,92,0
2022-06-27,12.48,19.53,26.58,34.59,63.395,92.2,0
2022-06-28,12.01,20.02,28.03,31.72,61.31,90.9,0
2022-06-29,14.37,21.555,28.74,31.34,55.92,80.5,0
2022-06-30,14.46,21.62,28.78,30.87,60.235,89.6,0
2022-07-01,11.33,19.85,28.37,27.52,58.51,89.5,0
2022-07-02,12.75,21.17,29.59,26.37,49.895,73.42,0
2022-07-03,15.07,23.14,31.21,24.58,49.43,74.28,0
2022-07-04,14.67,22.72,30.77,23.57,49.7,75.83,0
2022-07-05,12.96,21.17,29.38,21.4,48.45,75.5,0
2022-07-06,13.02,20.745,28.47,24.48,48.035,71.59,0
2022-07-07,13.87,21.49,29.11,24.48,47.525,70.57,0
2022-07-08,14.33,22.55,30.77,21.07,46.21,71.35,0
2022-07-09,14.83,22.75,30.67,23.53,46.7,69.87,0
2022-07-10,14.83,21.735,28.64,27.63,49.41,71.19,0
2022-07-11,14.39,21.99,29.59,23.6,49.885,76.17,0
2022-07-12,14.87,22.365,29.86,25.66,49.51,73.36,0
2022-07-13,13.38,22.09,30.8,24.68,51.06,77.44,0
2022-07-14,15.8,23.37,30.94,25.26,50.76,76.26,0
2022-07-15,15.61,23.09,30.57,23.3,47.18,71.06,0
2022-07-16,15.61,24.05,32.49,18.87,45.03,71.19,0
2022-07-17,16.65,24.555,32.46,22.21,45.885,69.56,0
2022-07-18,16.95,24.96,32.97,26.14,53.92,81.7,0
2022-07-19,16.98,24.65,32.32,22.52,52.96,83.4,0
2022-07-20,14.86,22.61,30.36,22.28,52.49,82.7,0
2022-07-21,14.63,22.715,30.8,24.48,49.19,73.9,0
2022-07-22,15.75,22.785,29.82,20.29,45.645,71,0
2022-07-23,15.75,22.835,29.92,21,40.635,60.27,0
2022-07-24,15.95,23.425,30.9,20.39,40.205,60.02,0
2022-07-25,16,23.45,30.9,21.44,42.395,63.35,0
2022-07-26,16.29,23.765,31.24,22.79,42.975,63.16,0
2022-07-27,16.22,23.595,30.97,23.77,43.585,63.4,0
2022-07-28,15.61,23.375,31.14,23.43,44.875,66.32,0
2022-07-29,15.65,23.565,31.48,19.61,42.93,66.25,0
2022-07-30,10.86,21.32,31.78,23.63,49.475,75.32,0
2022-07-31,10.75,19.56,28.37,29.69,53.13,76.57,0
2022-08-01,14.41,22.86,31.31,19.48,36.76,54.04,0
2022-08-02,17.63,25.145,32.66,16.7,34.91,53.12,0
2022-08-03,18.2,25.16,32.12,21.74,34.64,47.54,0
2022-08-04,18.1,25.23,32.36,21.91,40.41,58.91,0
2022-08-05,14.38,23.705,33.03,20.12,46.575,73.03,0
2022-08-06,16.54,25.005,33.47,19.14,47.595,76.05,0
2022-08-07,16.07,24.94,33.81,18.8,48.995,79.19,0
2022-08-08,16.64,25.785,34.93,14.84,50.52,86.2,0
2022-08-09,16.64,19.295,21.95,70.71,81.855,93,0
2022-08-10,12.63,18.195,23.76,63.59,77.795,92,2.54
2022-08-11,6.785,12.7775,18.77,37.46,64.53,91.6,0
2022-08-12,8,14.765,21.53,41.13,65.965,90.8,0
2022-08-13,10.57,18.76,26.95,22.49,54.345,86.2,0
2022-08-14,12.72,22.1,31.48,18.02,45.57,73.12,0
2022-08-15,16.83,24.61,32.39,16.87,39.66,62.45,0
2022-08-16,17.02,24.995,32.97,18.16,40.145,62.13,0
2022-08-17,17.15,25.905,34.66,16.33,47.175,78.02,0
2022-08-18,16.98,19.57,22.16,60.6,69.51,78.42,0
2022-08-19,11.85,21.905,31.96,22.18,55.19,88.2,0
2022-08-20,8.47,14.025,19.58,55.15,67.515,79.88,0
2022-08-21,8.67,17.145,25.62,35.82,57.885,79.95,0
2022-08-22,13.78,20.3,26.82,34.8,57.45,80.1,0
2022-08-23,13.18,21.265,29.35,28.57,55.785,83,0
2022-08-24,13.12,21.52,29.92,21.13,52.565,84,0
2022-08-25,15.04,22.735,30.43,21.1,49.35,77.6,0
2022-08-26,17.46,24.185,30.91,16.6,38.06,59.52,0
2022-08-27,17.66,24.89,32.12,14.95,32.43,49.91,0
2022-08-28,16.95,25.205,33.46,14.98,33.8,52.62,0
2022-08-29,15.36,25.19,35.02,13.76,46.7,79.64,0
2022-08-30,11.33,19.885,28.44,31.48,55.21,78.94,0
2022-08-31,11.63,18.29,24.95,34.2,52.715,71.23,0
2022-09-01,13.29,21.2,29.11,27.22,48.405,69.59,0
2022-09-02,16.27,23.215,30.16,22.62,36.925,51.23,0
2022-09-03,17.29,25.11,32.93,15.35,30.22,45.09,0
2022-09-04,14.83,24.84,34.85,14.77,45.43,76.09,0
2022-09-05,13.04,19.695,26.35,35.68,55.825,75.97,0
2022-09-06,13.48,22.9,32.32,21.88,48.44,75,0
2022-09-07,15.83,23.84,31.85,27.83,59.815,91.8,16.76
2022-09-08,15.87,21.525,27.18,37.78,64.69,91.6,2.794
2022-09-09,19.01,26.625,34.24,19.03,40,60.97,0
2022-09-10,21.14,28.57,36,14.5,33.2,51.9,0
2022-09-11,17.48,26.57,35.66,15.32,51.36,87.4,254
2022-09-12,15.49,23.855,32.22,32.02,58.46,84.9,0
2022-09-13,15.97,24.265,32.56,29.48,55.44,81.4,0
2022-09-14,18.56,26.4,34.24,23.83,56.965,90.1,4.572
2022-09-15,16.61,21.015,25.42,48.57,69.735,90.9,1.524
2022-09-16,14.82,19.155,23.49,58.92,74.56,90.2,508
2022-09-17,11.67,19.025,26.38,38.76,64.33,89.9,254
2022-09-18,11.47,19.9,28.33,24.01,54.455,84.9,0
2022-09-19,12.55,22.135,31.72,22.62,47.31,72,0
2022-09-20,16.26,26.265,36.27,18.8,56.2,93.6,19.81
2022-09-21,18.99,23.5,28.01,48.56,70.78,93,0
2022-09-22,19.98,24.715,29.45,47.57,70.035,92.5,10.41
2022-09-23,12.63,18.29,23.95,77.67,85.085,92.5,9.91
2022-09-24,11.5,17.63,23.76,29.9,56.2,82.5,254
2022-09-25,13.04,20.55,28.06,18.9,48.52,78.14,0
2022-09-26,14.33,24.37,34.41,21.74,50.3,78.86,0
2022-09-27,16.95,22.83,28.71,46.22,70.01,93.8,21.59
2022-09-28,18,21.54,25.08,66.13,79.315,92.5,762
2022-09-29,14.78,16.855,18.93,84.1,88.35,92.6,8.89
2022-09-30,15.22,21.61,28,46.39,67.845,89.3,0
2022-10-01,15.7,20.79,25.88,55.43,74.065,92.7,0
2022-10-02,16.81,23.57,30.33,42.27,67.535,92.8,0
2022-10-03,19.13,25.56,31.99,32.49,56,79.51,0
2022-10-04,19.43,26.15,32.87,30.74,54.21,77.68,0
2022-10-05,19.47,24.475,29.48,43.96,63.88,83.8,0
2022-10-06,19.16,26.465,33.77,26.31,54.505,82.7,0
2022-10-07,19.6,26.045,32.49,31.11,62.355,93.6,38.1
2022-10-08,15.73,20.93,26.13,50.4,71.95,93.5,0
2022-10-09,16.04,22.29,28.54,38.41,63.055,87.7,0
2022-10-10,19.27,23.545,27.82,45.89,68.245,90.6,0
2022-10-11,19.43,22.135,24.84,64.91,77.055,89.2,0
2022-10-12,18.55,24.355,30.16,44.19,66.745,89.3,0
2022-10-13,17.83,21.065,24.3,58.62,74.46,90.3,0
2022-10-14,18.73,25.85,32.97,26.31,58.105,89.9,0
2022-10-15,17.73,26.405,35.08,16.94,49.07,81.2,0
2022-10-16,18.39,25.44,32.49,31.61,56.705,81.8,0
2022-10-17,20.65,27.26,33.87,21.33,47.81,74.29,0
2022-10-18,20.28,26.845,33.41,23.77,51.935,80.1,0
2022-10-19,19.98,24.295,28.61,42.1,60.87,79.64,0
2022-10-20,19.5,24.24,28.98,42.1,65.3,88.5,0
2022-10-21,19.41,27.355,35.3,25.42,58.86,92.3,41.15
2022-10-22,19.06,23.33,27.6,55.29,73.695,92.1,508
2022-10-23,17.56,24.285,31.01,34.49,63.295,92.1,0
2022-10-24,18.51,25.145,31.78,32.49,56.115,79.74,0
2022-10-25,17.69,25.19,32.69,27.89,53.915,79.94,0
2022-10-26,17.12,24.89,32.66,19.48,48.63,77.78,0
2022-10-27,19.37,27.145,34.92,21.37,44.96,68.55,0
2022-10-28,19.54,26.71,33.88,30.77,53.85,76.93,2.794
2022-10-29,21.19,27.295,33.4,28.6,53.54,78.48,0
2022-10-30,19.47,26.91,34.35,30.23,60.115,90,1.778
2022-10-31,20.59,26.78,32.97,34.29,60.645,87,0
2022-11-01,19.23,25.305,31.38,48.25,70.575,92.9,17.02
2022-11-02,14.92,20.1,25.28,59.97,75.335,90.7,0
2022-11-03,14.48,18.8,23.12,51.38,64.325,77.27,0
2022-11-04,11.67,17.73,23.79,41.1,61.5,81.9,0
2022-11-05,12.33,19.475,26.62,28.17,54.435,80.7,0
2022-11-06,14.02,21.11,28.2,28.37,51.575,74.78,0
2022-11-07,14.73,22.14,29.55,27.39,50.665,73.94,0
2022-11-08,14.77,22.21,29.65,23.95,47.59,71.23,0
2022-11-09,16,23.4,30.8,23.57,45.575,67.58,0
2022-11-10,18.17,25.805,33.44,21.07,49.355,77.64,0
2022-11-11,20.08,27.715,35.35,19.37,48.235,77.1,0
2022-11-12,17.75,23.4,29.05,41.25,63.525,85.8,0
2022-11-13,20.92,27.11,33.3,28.67,55.785,82.9,0
2022-11-14,19.74,27.195,34.65,28.57,52.655,76.74,0
2022-11-15,20.11,26.54,32.97,26.54,51.585,76.63,0
2022-11-16,16.17,24.67,33.17,25.9,48.705,71.51,0
2022-11-17,17.76,26.12,34.48,14.17,40.915,67.66,0
2022-11-18,17.42,26.065,34.71,18.93,42.765,66.6,0
2022-11-19,18.19,26.69,35.19,21.81,48.17,74.53,0
2022-11-20,17.96,25.905,33.85,26.91,55.955,85,3.556
2022-11-21,20.24,26.495,32.75,26.51,54.905,83.3,2.032
2022-11-22,20.59,26.78,32.97,31.21,56.955,82.7,762
2022-11-23,19.57,26.455,33.34,31.68,61.34,91,2.54
2022-11-24,20.82,26.87,32.92,31.47,59.785,88.1,0
2022-11-25,17.49,24.335,31.18,38.21,63.205,88.2,1.524
2022-11-26,15.43,23.875,32.32,26.1,54.5,82.9,0
2022-11-27,17.81,24.545,31.28,25.26,49.825,74.39,0
2022-11-28,19.2,26.18,33.16,23.87,52.535,81.2,0
2022-11-29,18.35,24.965,31.58,32.19,60.095,88,508
2022-11-30,18.47,25.465,32.46,29.96,60.38,90.8,15.75
2022-12-01,20.15,25.78,31.41,38.11,61.905,85.7,254
2022-12-02,22.44,27.4,32.36,34.76,57.305,79.85,1.016
2022-12-03,21.31,26.8,32.29,38.75,64.775,90.8,12.95
2022-12-04,20.48,25.49,30.5,48.05,70.725,93.4,254
2022-12-05,20.85,22.425,24,72.75,83.125,93.5,0
2022-12-06,20.59,25.14,29.69,46.53,69.915,93.3,254
2022-12-07,20.55,24.375,28.2,59.17,76.085,93,254
2022-12-08,21.3,25.375,29.45,54.51,73.305,92.1,254
2022-12-09,22.76,27.71,32.66,40.47,62.635,84.8,0
2022-12-10,22.56,28.465,34.37,27.08,52.74,78.4,0
2022-12-11,21.79,27.8,33.81,31.21,59.855,88.5,0
2022-12-12,22.26,27.445,32.63,38.38,64.34,90.3,0
2022-12-13,21.68,25.735,29.79,54.67,73.435,92.2,6.35
2022-12-14,18.69,21.885,25.08,78.51,85.255,92,2.286
2022-12-15,17.66,23.705,29.75,50.18,67.94,85.7,0
2022-12-16,19.77,25.81,31.85,33.27,56.455,79.64,0
2022-12-17,19.4,24.815,30.23,42.67,66.735,90.8,0
2022-12-18,19.47,25.71,31.95,31.85,58.275,84.7,0
2022-12-19,19.47,25.965,32.46,37.8,64.8,91.8,41.4
2022-12-20,20.04,23.985,27.93,62.01,77.755,93.5,15.75
2022-12-21,17.02,23.27,29.52,53.73,73.565,93.4,254
2022-12-22,16.85,22.695,28.54,43.55,64.875,86.2,0
2022-12-23,16.48,23.255,30.03,37.87,62.785,87.7,0
2022-12-24,18.59,25.51,32.43,28.1,55.4,82.7,0
2022-12-25,21.02,26.96,32.9,27.38,53.645,79.91,0
2022-12-26,20.68,25.995,31.31,41.32,66.06,90.8,9.14
2022-12-27,20.23,24.875,29.52,53.76,73.18,92.6,35.81
2022-12-28,22.02,24.46,26.9,70.82,81.11,91.4,9.14
2022-12-29,19.92,25.09,30.26,52.44,72.82,93.2,25.15
2022-12-30,20.45,24.58,28.71,57.68,75.44,93.2,0
2022-12-31,21.36,26.335,31.31,49.64,70.27,90.9,34.29
2023-01-01,21.23,25.19,29.15,59.34,74.97,90.6,8.13
2023-01-02,21.19,26.58,31.97,43.85,67.275,90.7,0
2023-01-03,19.6,25.925,32.25,41.75,67.725,93.7,15.24
2023-01-04,20.01,24.865,29.72,50.25,71.975,93.7,18.29
2023-01-05,20.18,23.185,26.19,73.3,83.45,93.6,14.48
2023-01-06,17.42,22.185,26.95,65.39,78.545,91.7,2.032
2023-01-07,17.95,21.38,24.81,71.27,80.485,89.7,254
2023-01-08,18.52,22.62,26.72,64.43,77.165,89.9,0
2023-01-09,19.03,22.225,25.42,71.81,81.855,91.9,5.08
2023-01-10,20.58,24.575,28.57,61.24,76.77,92.3,8.38
2023-01-11,20.74,24.57,28.4,57.25,74.125,91,1.27
2023-01-12,19.27,24.615,29.96,53.63,73.465,93.3,13.21
2023-01-13,19.87,24.49,29.11,50.72,72.01,93.3,762
2023-01-14,20.08,25.035,29.99,54.34,73.32,92.3,8.64
2023-01-15,20.48,25.27,30.06,52.48,72.24,92,254
2023-01-16,22.12,26.97,31.82,44.56,67.48,90.4,0
2023-01-17,18.45,25.415,32.38,46.32,69.11,91.9,12.7
2023-01-18,19.37,26.1,32.83,37.73,64.565,91.4,24.38
2023-01-19,20.55,26.535,32.52,40.87,66.635,92.4,6.858
2023-01-20,19.57,25.645,31.72,48.55,70.675,92.8,4.064
2023-01-21,20.01,24.525,29.04,59,75.7,92.4,1.016
2023-01-22,20.04,23.92,27.8,65.13,78.765,92.4,26.67
2023-01-23,20.35,25.73,31.11,45.71,69.055,92.4,254
2023-01-24,21.03,25.695,30.36,51.12,71.66,92.2,0
2023-01-25,21.26,26.3,31.34,46.76,69.53,92.3,0
2023-01-26,20.21,26.285,32.36,34.18,59.94,85.7,0
2023-01-27,21.93,27.315,32.7,38.72,62.66,86.6,0
2023-01-28,21.03,27.13,33.23,37.39,63.945,90.5,0
2023-01-29,21.59,26.62,31.65,44.15,67.375,90.6,2.032
2023-01-30,20.52,25.61,30.7,46.46,69.18,91.9,762
2023-01-31,20.52,25.24,29.96,52.98,72.34,91.7,5.842
2023-02-01,20.4,26.15,31.9,40.9,66.8,92.7,1.3
2023-02-02,21.5,25.95,30.4,52.7,72.4,92.1,2
2023-02-03,20.9,25.9,30.9,52.4,72.6,92.8,20.3
2023-02-04,19.9,25.7,31.5,50.8,72.35,93.9,41.4
2023-02-05,20.2,25.6,31,50.6,72.3,94,4.6
2023-02-06,20.8,25.1,29.4,60.6,77.3,94,17.5
2023-02-07,20.8,25.65,30.5,49.5,71.35,93.2,0
2023-02-08,20.9,25.4,29.9,57.6,73.25,88.9,0
2023-02-09,21.4,26.85,32.3,45.8,67.8,89.8,0
2023-02-10,19.7,26.1,32.5,44.8,67.65,90.5,6.6
2023-02-11,19.9,25.55,31.2,48.2,71.05,93.9,16.3
2023-02-12,20.7,24.85,29,54.9,74.05,93.2,18.3
2023-02-13,19.6,24.2,28.8,62.1,77.65,93.2,0.5
2023-02-14,20.2,25.8,31.4,48.8,70.95,93.1,5.6
2023-02-15,21,26.25,31.5,45.6,69.1,92.6,1.8
2023-02-16,20.9,27.2,33.5,40.5,66.5,92.5,3.3
2023-02-17,21.5,26.2,30.9,48.7,70.55,92.4,3.8
2023-02-18,21.6,26.3,31,48.5,70.45,92.4,0.5
2023-02-19,20.4,25.4,30.4,52.1,72.6,93.1,4.1
2023-02-20,20.2,24,27.8,62.8,77,91.2,3.6
2023-02-21,20.2,25.35,30.5,49,69.65,90.3,0.3
2023-02-22,19.9,22.9,25.9,70.5,80.7,90.9,5.1
2023-02-23,20.6,26.35,32.1,37.7,63.25,88.8,0
2023-02-24,20.2,25.55,30.9,47.4,70,92.6,0.3
2023-02-25,20,25,30,50.3,71.7,93.1,12.3
2023-02-26,21.4,26.65,31.9,43.2,68.1,93,0.3
2023-02-27,21.8,26.7,31.6,50,69.65,89.3,0
2023-02-28,20.6,27.15,33.7,40.9,65.5,90.1,0
2023-03-01,19.81,26.725,33.64,34.56,63.03,91.5,1.016
2023-03-02,19.54,26.015,32.49,31.99,62.095,92.2,254
2023-03-03,20.92,26.62,32.32,35.77,60.385,85,0
2023-03-04,22.18,27.91,33.64,38.14,64.02,89.9,6.35
2023-03-05,19.81,25.645,31.48,48.49,70.395,92.3,7.874
2023-03-06,19.21,25.295,31.38,50.28,71.49,92.7,19.56
2023-03-07,19.84,25.745,31.65,47.34,69.67,92,4.064
2023-03-08,18.91,24.19,29.47,60.23,75.615,91,508
2023-03-09,19.82,25.5,31.18,43.08,66.39,89.7,0
2023-03-10,20.96,25.7,30.44,44.24,67.07,89.9,2.032
2023-03-11,19.87,24.21,28.55,56.95,75.125,93.3,40.89
2023-03-12,20.01,24.315,28.62,56.95,75.325,93.7,36.58
2023-03-13,20.59,24.82,29.05,50.52,72.11,93.7,254
2023-03-14,19.91,24.6,29.29,52.59,72.745,92.9,13.97
2023-03-15,20.59,25.275,29.96,53.9,73.7,93.5,508
2023-03-16,19.94,24.03,28.12,61.49,77.895,94.3,18.8
2023-03-17,19.91,24.37,28.83,56.72,75.46,94.2,16.76
2023-03-18,20.15,24.085,28.02,59.18,76.49,93.8,1.016
2023-03-19,20.55,25.09,29.63,53.03,72.615,92.2,5.08
2023-03-20,20.96,25.295,29.63,54.04,72.47,90.9,0
2023-03-21,19.34,25.07,30.8,46.97,69.685,92.4,9.14
2023-03-22,19.38,25.495,31.61,40.37,65.085,89.8,0
2023-03-23,21.06,27.27,33.48,34.59,62.395,90.2,0
2023-03-24,22.14,27.705,33.27,34.45,59.975,85.5,0
2023-03-25,21.3,27.115,32.93,39.97,62.785,85.6,0
2023-03-26,22.35,28.485,34.62,31.75,57.675,83.6,0
2023-03-27,22.11,28.485,34.86,29.11,56.355,83.6,0
2023-03-28,20.92,27.165,33.41,38.55,64.525,90.5,508
2023-03-29,20.52,26.475,32.43,43.25,66.425,89.6,0
2023-03-30,19.71,26.73,33.75,37.43,64.565,91.7,13.72
2023-03-31,21.13,26.71,32.29,44.84,67.12,89.4,1.27
2023-04-01,20.62,26.41,32.2,41.09,64.845,88.6,254
2023-04-02,19.47,25.595,31.72,31.21,60.355,89.5,0
2023-04-03,17.86,24.64,31.42,39.16,63.78,88.4,0
2023-04-04,18.2,24.84,31.48,35.31,61.905,88.5,0
2023-04-05,19.22,25.535,31.85,32.97,59.685,86.4,0
2023-04-06,19.39,25.575,31.76,36.45,60.825,85.2,0
2023-04-07,20.34,26.135,31.93,35.71,64.405,93.1,4.064
2023-04-08,20.45,23.98,27.51,60.75,76.975,93.2,0
2023-04-09,20.15,23.745,27.34,60.31,76.905,93.5,4.572
2023-04-10,18.2,22.89,27.58,56.01,74.805,93.6,0
2023-04-11,17.76,23.95,30.14,44.65,68.775,92.9,0
2023-04-12,18.47,25.35,32.23,40.28,67.24,94.2,32.26
2023-04-13,20.45,23.83,27.21,65.28,79.19,93.1,2.54
2023-04-14,20.79,25.75,30.71,45.92,69.21,92.5,508
2023-04-15,19.84,23.56,27.28,65.14,79.72,94.3,8.64
2023-04-16,18.88,23.395,27.91,54.12,74.21,94.3,254
2023-04-17,19.08,24.945,30.81,43.49,67.545,91.6,0
2023-04-18,19.47,25.565,31.66,43.05,68.525,94,17.27
2023-04-19,19.81,24.44,29.07,56.93,75.465,94,17.02
2023-04-20,14.24,20.065,25.89,47.56,70.33,93.1,0
2023-04-21,13.16,18.56,23.96,35.38,60.19,85,0
2023-04-22,13.74,19.9,26.06,36.23,61.715,87.2,0
2023-04-23,15.58,22.475,29.37,49.25,70.525,91.8,0
2023-04-24,16.45,22.825,29.2,43.63,67.815,92,0
2023-04-25,17.31,23.39,29.47,26.85,52.58,78.31,0
2023-04-26,18.71,23.535,28.36,44.78,61.87,78.96,0
2023-04-27,17.59,21.265,24.94,65.55,79.775,94,0
2023-04-28,16.78,21.265,25.75,64.1,79.15,94.2,1.016
2023-04-29,15.99,21.125,26.26,59.7,76.95,94.2,0
2023-04-30,15.68,21.615,27.55,45.46,69.58,93.7,254
2023-05-01,15.9,22.45,29,35,61.7,88.4,0
2023-05-02,15.6,21.8,28,36.6,63.25,89.9,0
2023-05-03,16.3,22.45,28.6,38.6,63.85,89.1,0
2023-05-04,17.6,23.55,29.5,34.6,59.25,83.9,0
2023-05-05,18.2,24.25,30.3,30.3,56.45,82.6,0
2023-05-06,19.1,25.5,31.9,29.6,51.75,73.9,0
2023-05-07,19.5,25.2,30.9,31.1,53.35,75.6,0
2023-05-08,18.9,24.8,30.7,33.3,55.6,77.9,0
2023-05-09,18.8,24.85,30.9,32.1,55.05,78,0
2023-05-10,17.8,23.8,29.8,38.3,61.6,84.9,0
2023-05-11,18.4,23.9,29.4,43.5,67,90.5,0
2023-05-12,14.1,21.7,29.3,38.4,65.25,92.1,0
2023-05-13,13.2,20.05,26.9,28.4,60.5,92.6,0
2023-05-14,12.8,19.25,25.7,31.2,58.7,86.2,0
2023-05-15,12.8,19.7,26.6,27.6,51.55,75.5,0
2023-05-16,14.1,20.3,26.5,27.6,50.45,73.3,0
2023-05-17,12.1,19.85,27.6,19,51.35,83.7,0
2023-05-18,10.8,19,27.2,25.4,57.45,89.5,0
2023-05-19,10.8,20,29.2,24.4,57.3,90.2,0
2023-05-20,14.4,21.5,28.6,24.4,50.65,76.9,0
2023-05-21,13.6,21.25,28.9,23.7,48.85,74,0
2023-05-22,13.8,21.15,28.5,23.3,47.25,71.2,0
2023-05-23,15.1,21.15,27.2,29.3,51.4,73.5,0
2023-05-24,15.1,21.5,27.9,28.8,51.1,73.4,0
2023-05-25,15.4,21.65,27.9,32.2,52.5,72.8,0
2023-05-26,16.6,22.75,28.9,33.4,55.95,78.5,0
2023-05-27,16.8,22.85,28.9,32.1,53.6,75.1,0
2023-05-28,17.2,23.65,30.1,33.1,55.45,77.8,0
2023-05-29,16.5,19.7,22.9,60.4,76.4,92.4,0
2023-05-30,15.8,20.85,25.9,48.5,70.45,92.4,0
2023-05-31,15.9,19.7,23.5,57.2,75.9,94.6,20
2023-06-01,13.2,17.65,22.1,68.5,81.65,94.8,0
2023-06-02,13.3,18.45,23.6,56.1,75.45,94.8,0
2023-06-03,17.6,23.05,28.5,44,66,88,0
2023-06-04,14.4,20.85,27.3,31.7,59.1,86.5,0
2023-06-05,15,21.65,28.3,27.5,52.9,78.3,0
2023-06-06,13.9,20.45,27,31.6,56.1,80.6,0
2023-06-07,14,20.4,26.8,31.5,56.05,80.6,0
2023-06-08,14.8,21.6,28.4,28.5,52.5,76.5,0
2023-06-09,15.1,22,28.9,28.8,53.25,77.7,0
2023-06-10,15.6,22.7,29.8,26.1,51.85,77.6,0
2023-06-11,16.4,23.25,30.1,26.7,49.7,72.7,0
2023-06-12,17.4,24,30.6,27.2,50.25,73.3,0
2023-06-13,17.5,24.6,31.7,24.7,55.9,87.1,0
2023-06-14,16.32,20.73,25.14,52.83,69.065,85.3,0
2023-06-15,12.64,16.04,19.44,84.9,89.7,94.5,15.49
2023-06-16,10.14,12.79,15.44,93.9,94.45,95,56.39
2023-06-17,9.08,12.955,16.83,70.06,82.53,95,0
2023-06-18,9.04,14.245,19.45,48.42,68.41,88.4,254
2023-06-19,9.99,16.035,22.08,38.9,62.7,86.5,0
2023-06-20,9.82,17.87,25.92,31.32,59.96,88.6,0
2023-06-21,13.57,20.88,28.19,28.68,53.795,78.91,0
2023-06-22,14.31,20.875,27.44,28.41,51.645,74.88,0
2023-06-23,14.31,20.86,27.41,27.97,51.39,74.81,0
2023-06-24,14.8,21.205,27.61,28.04,51.445,74.85,0
2023-06-25,14.97,20.7,26.43,34.7,55.355,76.01,0
2023-06-26,14.07,21.385,28.7,28.58,52.915,77.25,0
2023-06-27,14.41,20.47,26.53,33.25,55.25,77.25,0
2023-06-28,14.35,21.32,28.29,30.68,54.065,77.45,0
2023-06-29,15.15,21.955,28.76,29.05,53.4,77.75,0
2023-06-30,13.16,20.555,27.95,29.43,60.315,91.2,0
2023-07-01,13.26,20.52,27.78,30,60.95,91.9,0
2023-07-02,14.89,21.2,27.51,31.12,54.64,78.16,0
2023-07-03,12.96,19.93,26.9,33.79,58.295,82.8,0
2023-07-04,10.53,18.245,25.96,29.22,58.41,87.6,0
2023-07-05,10.6,18.5,26.4,30.27,58.885,87.5,0
2023-07-06,13.23,20.37,27.51,25.94,48.445,70.95,0
2023-07-07,12.79,19.695,26.6,27.9,49.49,71.08,0
2023-07-08,13.06,20.86,28.66,23.47,46.38,69.29,0
2023-07-09,15.14,22.645,30.15,23.14,44.66,66.18,0
2023-07-10,17.56,23.7,29.84,30,53.715,77.43,0
2023-07-11,17.4,24.395,31.39,24.72,51.145,77.57,0
2023-07-12,17.88,25.025,32.17,18.74,40.495,62.25,0
2023-07-13,18.56,25.05,31.54,18.74,40.25,61.76,0
2023-07-14,8.77,17.465,26.16,28.96,60.13,91.3,2.032
2023-07-15,8.62,14.12,19.62,36.68,64.09,91.5,0
2023-07-16,8.35,17.355,26.36,23.58,48.73,73.88,0
2023-07-17,16.09,23.085,30.08,25.67,46.67,67.67,0
2023-07-18,16.75,23.6,30.45,29.46,53.05,76.64,0
2023-07-19,14.29,22.945,31.6,28.98,58.69,88.4,0
2023-07-20,14.16,21.105,28.05,42.52,65.51,88.5,0
2023-07-21,14.13,21.465,28.8,36.5,62.6,88.7,0
2023-07-22,16.16,21.955,27.75,35.68,58.19,80.7,0
2023-07-23,15.65,21.685,27.72,32.91,54.98,77.05,0
2023-07-24,16.12,22.255,28.39,30.91,53.625,76.34,0
2023-07-25,16.36,22.93,29.5,23.23,46.025,68.82,0
2023-07-26,16.8,22.84,28.88,33.79,55.135,76.48,0
2023-07-27,16.97,23.56,30.15,27.84,51.955,76.07,0
2023-07-28,15.51,23.38,31.25,21.98,45.39,68.8,0
2023-07-29,15.34,23.585,31.83,21.61,54.755,87.9,0
2023-07-30,12.11,19.945,27.78,34.33,61.515,88.7,0
2023-07-31,12.08,20.2,28.32,33.99,61.245,88.5,0
2023-08-01,13.33,21.37,29.41,23.88,51.665,79.45,0
2023-08-02,14.04,22.31,30.58,17.45,48.23,79.01,0
2023-08-03,16.29,23.77,31.25,23.4,46.485,69.57,0
2023-08-04,15.99,23.96,31.93,21.41,44.22,67.03,0
2023-08-05,15.95,23.84,31.73,21.98,43.74,65.5,0
2023-08-06,16.97,24.705,32.44,19.07,40.27,61.47,0
2023-08-07,16.85,24.49,32.13,20.12,40.66,61.2,0
2023-08-08,15.8,24.845,33.89,17.42,46.595,75.77,0
2023-08-09,16.12,23.45,30.78,29.93,53.655,77.38,0
2023-08-10,17.16,24.78,32.4,22.22,50.02,77.82,0
2023-08-11,18.07,25.645,33.22,21.78,44.36,66.94,0
2023-08-12,18.34,26.84,35.34,17.52,43.55,69.58,0
2023-08-13,17.25,26.005,34.76,16.81,49.205,81.6,0
2023-08-14,14.63,22.435,30.24,33.31,59.155,85,0
2023-08-15,14.63,22.54,30.45,31.25,58.375,85.5,0
2023-08-16,17.52,24.115,30.71,30.61,55.905,81.2,0
2023-08-17,18.78,24.915,31.05,25.09,46.935,68.78,0
2023-08-18,17.09,23.825,30.56,26.55,48.525,70.5,0
2023-08-19,16.95,25,33.05,20.36,47.595,74.83,0
2023-08-20,15.75,20.69,25.63,33.49,61.745,90,1.27
2023-08-21,15.85,22.155,28.46,31.52,59.91,88.3,0
2023-08-22,16.19,23.57,30.95,24.04,56.37,88.7,0
2023-08-23,17.54,25.695,33.85,24.21,47.82,71.43,0
2023-08-24,19.81,28.03,36.25,14.71,38.775,62.84,0
2023-08-25,19.25,27.65,36.05,19.88,50.94,82,254
2023-08-26,16.27,25.74,35.21,18.97,51.485,84,254
2023-08-27,13.02,20.08,27.14,46.64,68.92,91.2,1.016
2023-08-28,12.79,16.03,19.27,61.63,77.315,93,2.54
2023-08-29,13.56,18.945,24.33,52.63,70.565,88.5,0
2023-08-30,14.12,18.61,23.1,67.59,80.845,94.1,1.27
2023-08-31,16.09,22.98,29.87,36.79,65.595,94.4,0
2023-09-01,16.59,20.015,23.44,68.82,79.91,91,0
2023-09-02,17.81,24.94,32.07,31.11,52.33,73.55,0
2023-09-03,21.03,27.625,34.22,32.73,62.665,92.6,508
2023-09-04,21.09,27.585,34.08,34.56,62.53,90.5,254
2023-09-05,20.86,27.29,33.72,35.44,63.27,91.1,10.41
2023-09-06,18.17,24.475,30.78,46.47,68.985,91.5,0
2023-09-07,17.86,24.645,31.43,42.98,63.39,83.8,0
2023-09-08,18.57,24.53,30.49,32.5,56.05,79.6,0
2023-09-09,18.2,26.23,34.26,21.78,48.115,74.45,0
2023-09-10,17.05,21.525,26,46.72,66.46,86.2,0
2023-09-11,19.52,25.62,31.72,26.31,47.14,67.97,0
2023-09-12,19.32,26.235,33.15,23.4,43.25,63.1,0
2023-09-13,20.65,27.77,34.89,18.53,36.11,53.69,0
2023-09-14,18.1,27.63,37.16,15.49,49.745,84,0
2023-09-15,12.45,17.285,22.12,66.76,80.73,94.7,254
2023-09-16,13.28,20.125,26.97,31.05,62.925,94.8,0
2023-09-17,17.41,25.68,33.95,20.96,43.96,66.96,0
2023-09-18,20.99,28.535,36.08,23.03,47.53,72.03,0
2023-09-19,21.23,28.605,35.98,24.95,51.465,77.98,254
2023-09-20,21.03,28.705,36.38,20.46,49.71,78.96,254
2023-09-21,21.47,29.01,36.55,19.14,46.325,73.51,0
2023-09-22,22.78,30.105,37.43,20.42,40.72,61.02,0
2023-09-23,23.55,30.69,37.83,19.41,38.67,57.93,0
2023-09-24,24.63,31.335,38.04,20.08,39.32,58.56,254
2023-09-25,23.68,31.63,39.58,16.73,37.16,57.59,0
2023-09-26,22.53,31.395,40.26,14.33,45.085,75.84,0
2023-09-27,23.75,31.905,40.06,20.12,46.89,73.66,0
2023-09-28,20.15,29.365,38.58,21.27,55.035,88.8,254
2023-09-29,16.85,24.35,31.85,43.38,65.49,87.6,0
2023-09-30,17.76,26.295,34.83,30.84,54.14,77.44,0
2023-10-01,21.57,28.25,34.93,32.46,57.38,82.3,0
2023-10-02,21.3,26.375,31.45,49.57,71.085,92.6,18.54
2023-10-03,21.67,27.235,32.8,43.82,68.06,92.3,254
2023-10-04,23.12,29.14,35.16,32.97,57.785,82.6,0
2023-10-05,23.1,28.695,34.29,36.55,56.915,77.28,0
2023-10-06,23.71,30.08,36.45,29.11,53.38,77.65,0
2023-10-07,24.56,30.81,37.06,31.68,54.11,76.54,0
2023-10-08,22.17,28.72,35.27,33.91,63.555,93.2,4.318
2023-10-09,19.3,25.83,32.36,48.62,71.51,94.4,23.88
2023-10-10,18.51,22.945,27.38,57.64,76.02,94.4,0
2023-10-11,18.24,25.28,32.32,37.9,64.7,91.5,0
2023-10-12,19.57,28.01,36.45,27.56,56.13,84.7,0
2023-10-13,22.1,28.77,35.44,37.84,65.37,92.9,10.67
2023-10-14,18.32,24.38,30.44,59.61,76.205,92.8,4.064
2023-10-15,18.41,24.275,30.14,54.28,71.04,87.8,0
2023-10-16,20.45,27.535,34.62,35.98,59.59,83.2,0
2023-10-17,23.31,29.71,36.11,28.2,51.98,75.76,0
2023-10-18,22.49,28.47,34.45,32.16,54.45,76.74,0
2023-10-19,19.57,27.69,35.81,29.32,56.01,82.7,0
2023-10-20,17.66,25.6,33.54,38.38,64.49,90.6,3.556
2023-10-21,17.42,23.66,29.9,47.14,69.42,91.7,1.016
2023-10-22,17.8,25.315,32.83,37.67,63.585,89.5,0
2023-10-23,19.98,27.945,35.91,26.2,54.15,82.1,0
2023-10-24,24.69,31.16,37.63,21.98,41.44,60.9,0
2023-10-25,21.46,29.31,37.16,27.35,56.325,85.3,0
2023-10-26,22.66,27.73,32.8,38.65,60.675,82.7,0
2023-10-27,21.7,26.95,32.2,47.04,68.72,90.4,3.81
2023-10-28,21.53,26.575,31.62,51.02,71.96,92.9,9.4
2023-10-29,21.63,25.145,28.66,65.14,79.32,93.5,0
2023-10-30,21.41,26.085,30.76,54.76,71.93,89.1,0
2023-10-31,23.24,28.305,33.37,41.15,65.025,88.9,0
2023-11-01,21.23,26.225,31.22,52.82,72.71,92.6,6.35
2023-11-02,19.57,23.805,28.04,67.16,79.23,91.3,508
2023-11-03,20.21,26.485,32.76,43.25,66.625,90,0
2023-11-04,18.1,26.615,35.13,37.33,65.565,93.8,2.54
2023-11-05,13.97,20.37,26.77,27.33,57.115,86.9,0
2023-11-06,14.87,22.705,30.54,25.56,54.58,83.6,0
2023-11-07,16.17,23.975,31.78,25.46,53.68,81.9,0
2023-11-08,19.91,27.755,35.6,25.46,49.335,73.21,0
2023-11-09,22.61,29.225,35.84,31.89,58.345,84.8,0
2023-11-10,21.69,28.275,34.86,33.85,62.525,91.2,1.524
2023-11-11,22.45,29.215,35.98,26.24,49.22,72.2,0
2023-11-12,23.29,30.41,37.53,15.25,39.17,63.09,0
2023-11-13,24.66,31.615,38.57,14.74,35.555,56.37,0
2023-11-14,22.18,30.58,38.98,19.1,52.3,85.5,0
2023-11-15,22.17,30.44,38.71,23.7,53.95,84.2,0
2023-11-16,21.91,29.975,38.04,22.18,48.785,75.39,0
2023-11-17,24.12,30.91,37.7,22.72,45.535,68.35,0
2023-11-18,24.22,31.51,38.8,23.87,48.78,73.69,0
2023-11-19,24.56,31.13,37.7,28.47,50.065,71.66,0
2023-11-20,20.38,28.265,36.15,33.61,63.455,93.3,11.68
2023-11-21,21.43,25.495,29.56,52.35,72.875,93.4,0
2023-11-22,22.11,28.385,34.66,35.1,63.05,91,4.826
2023-11-23,22.7,28.005,33.31,43.55,67.825,92.1,7.366
2023-11-24,20.99,25.85,30.71,56.48,74.74,93,8.38
2023-11-25,16.61,22.8,28.99,62.39,77.745,93.1,508
2023-11-26,17.46,24.42,31.38,46.69,68.095,89.5,0
2023-11-27,20.48,26.86,33.24,36.48,64.14,91.8,0
2023-11-28,22.27,26.05,29.83,48.7,69.15,89.6,0
2023-11-29,20.72,27.215,33.71,37.84,66.02,94.2,254
2023-11-30,20.48,25.53,30.58,54.07,74.185,94.3,6.858
2023-12-01,21.23,26.915,32.6,44.56,69.38,94.2,254
2023-12-02,22.51,28.28,34.05,37.97,63.085,88.2,254
2023-12-03,21.47,27.44,33.41,44.5,67.15,89.8,254
2023-12-04,22.46,28.83,35.2,32.93,61.665,90.4,0
2023-12-05,19.87,24.935,30,52.04,73.22,94.4,32.51
2023-12-06,20.28,26.25,32.22,50.08,71.09,92.1,1.524
2023-12-07,21.19,27.165,33.14,33.71,62.405,91.1,0
2023-12-08,21.03,28.265,35.5,31.38,61.99,92.6,1.778
2023-12-09,21.57,27.385,33.2,44.19,66.645,89.1,0
2023-12-10,19.54,27.05,34.56,37.16,61.33,85.5,0
2023-12-11,19.37,27.3,35.23,35.64,64.32,93,1.524
2023-12-12,20.42,26.745,33.07,36.45,63.825,91.2,0
2023-12-13,19.01,26.68,34.35,35.16,59.08,83,0
2023-12-14,21.8,29.085,36.37,26.54,48.79,71.04,0
2023-12-15,23.56,30.69,37.82,24.88,47.415,69.95,0
2023-12-16,25.27,31.345,37.42,28.13,47.425,66.72,0
2023-12-17,23.98,30.875,37.77,20.93,44.825,68.72,0
2023-12-18,24.29,31.685,39.08,20.52,43.685,66.85,0
2023-12-19,21.91,30.29,38.67,21.91,53.205,84.5,0
2023-12-20,21.16,29.035,36.91,26.34,55.02,83.7,0
2023-12-21,21.06,28.385,35.71,28.27,57.285,86.3,0
2023-12-22,21.91,27.93,33.95,31.11,59.705,88.3,0
2023-12-23,22.87,28.56,34.25,38.24,63.37,88.5,0
2023-12-24,20.38,26.045,31.71,51.75,72.725,93.7,1.524
2023-12-25,21.3,27.015,32.73,40.54,66.87,93.2,0
2023-12-26,23.26,29.735,36.21,28.13,57.165,86.2,0
2023-12-27,22.17,29.46,36.75,28.98,56.69,84.4,0
2023-12-28,18.98,27.695,36.41,26.27,55.085,83.9,0
2023-12-29,22.48,30.27,38.06,24.14,46.46,68.78,0
2023-12-30,23.61,31.06,38.51,28.03,57.415,86.8,4.318
2023-12-31,20.18,26.66,33.14,48.89,67.345,85.8,0
2024-01-01,21.62,28.255,34.89,32.87,60.485,88.1,0
2024-01-02,20.42,25.73,31.04,47.98,70.34,92.7,8.13
2024-01-03,22.47,28.075,33.68,37.73,64.865,92,254
2024-01-04,21.5,27.555,33.61,44.09,67.845,91.6,12.45
2024-01-05,20.79,26.93,33.07,38.99,65.245,91.5,0
2024-01-06,20.38,27.635,34.89,34.96,61.28,87.6,0
2024-01-07,21.6,28.84,36.08,30.94,57.27,83.6,0
2024-01-08,22.14,29.295,36.45,29.96,56.93,83.9,0
2024-01-09,22.77,29.775,36.78,31.95,58.875,85.8,1.27
2024-01-10,22.41,28.535,34.66,34.22,58.61,83,0
2024-01-11,21.4,25.42,29.44,58.48,75.39,92.3,10.92
2024-01-12,22.34,27.165,31.99,51.67,71.785,91.9,5.08
2024-01-13,21.09,26.56,32.03,45.71,67.855,90,0
2024-01-14,21.33,26.275,31.22,50.01,71.405,92.8,8.13
2024-01-15,21.67,27.37,33.07,40,66.4,92.8,0
2024-01-16,21.7,26.47,31.24,49.74,71.17,92.6,10.67
2024-01-17,23.24,28.49,33.74,39.43,65.165,90.9,0
2024-01-18,24.22,29.945,35.67,34.49,58.095,81.7,0
2024-01-19,24.08,30.46,36.84,33.23,58.965,84.7,3.81
2024-01-20,22.01,28.15,34.29,43.08,65.69,88.3,2.794
2024-01-21,21.8,26.38,30.96,49.34,70.02,90.7,0
2024-01-22,20.89,26.725,32.56,45.61,68.205,90.8,254
2024-01-23,21.19,26.975,32.76,39.66,65.43,91.2,6.35
2024-01-24,18.39,22.225,26.06,69,80.25,91.5,0
2024-01-25,16.41,23.39,30.37,46.16,68.08,90,0
2024-01-26,15.55,23.165,30.78,36.56,62.68,88.8,0
2024-01-27,16.15,23.53,30.91,31.32,61.11,90.9,0
2024-01-28,17.86,25.395,32.93,21.98,55.64,89.3,254
2024-01-29,20.01,25.73,31.45,40.95,64.075,87.2,1.016
2024-01-30,21.5,28.35,35.2,21.64,52.52,83.4,0
2024-01-31,22.31,29.21,36.11,18.33,45.635,72.94,0
2024-02-01,16.92,25.315,33.71,30.5,62.6,94.7,18.54
2024-02-02,17.97,24.765,31.56,36.29,62.695,89.1,0
2024-02-03,20.15,25.5,30.85,40.48,66.24,92,2.032
2024-02-04,20.92,26.035,31.15,46.57,69.035,91.5,762
2024-02-05,21.13,25.295,29.46,50.6,67.65,84.7,508
2024-02-06,20.59,26.745,32.9,32.7,63.55,94.4,54.61
2024-02-07,21.92,25.525,29.13,55.87,73.735,91.6,0
2024-02-08,19.98,25.855,31.73,47.03,70.265,93.5,9.14
2024-02-09,20.68,26.08,31.48,40.61,66.905,93.2,0
2024-02-10,22.07,27.335,32.6,40.24,65.72,91.2,0
2024-02-11,21.97,27.57,33.17,32.87,58.785,84.7,0
2024-02-12,22.34,27.89,33.44,40.27,60.885,81.5,0
2024-02-13,22.8,27.85,32.9,39.9,61.55,83.2,0
2024-02-14,21.84,28.42,35,33.44,63.02,92.6,2.032
2024-02-15,20.91,25.615,30.32,52.63,73.465,94.3,28.45
2024-02-16,21.3,23.815,26.33,70.18,82.04,93.9,1.524
2024-02-17,20.72,25.48,30.24,57.73,75.765,93.8,2.032
2024-02-18,21.06,26.58,32.1,44.54,69.22,93.9,0
2024-02-19,21.06,26.19,31.32,46.66,68.98,91.3,0
2024-02-20,20.89,25.045,29.2,59.23,75.915,92.6,3.048
2024-02-21,20.82,25.835,30.85,47.75,69.875,92,0
2024-02-22,20.31,25.78,31.25,46.53,69.315,92.1,0
2024-02-23,21.36,26.985,32.61,43.32,67.61,91.9,0
2024-02-24,22.04,26.815,31.59,51.13,70.565,90,1.016
2024-02-25,21.94,27.52,33.1,43.31,67.355,91.4,508
2024-02-26,22.63,28.375,34.12,39.73,65.715,91.7,0
2024-02-27,23,28.71,34.42,41.52,65.96,90.4,0
2024-02-28,23.47,29.18,34.89,32.9,61,89.1,0
2024-02-29,24.02,29.915,35.81,30.03,53.45,76.87,0
2024-03-01,21.94,29.26,36.58,30.13,57.515,84.9,0
2024-03-02,20.99,28.785,36.58,29.55,59.625,89.7,3.556
2024-03-03,19.98,27.135,34.29,36.75,62.675,88.6,0
2024-03-04,20.99,28.18,35.37,26.61,56.955,87.3,0
2024-03-05,22.44,29.175,35.91,24.24,49.675,75.11,0
2024-03-06,22.21,27.375,32.54,38.92,63.76,88.6,0
2024-03-07,22.11,28.2,34.29,35.64,62.82,90,4.572
2024-03-08,22.95,28.1,33.25,42.81,66.305,89.8,508
2024-03-09,23.44,29.02,34.6,36.52,63.01,89.5,0
2024-03-10,21.92,27.6,33.28,44.17,69.285,94.4,35.05
2024-03-11,22.36,27.01,31.66,54.11,73.955,93.8,4.572
2024-03-12,20.35,26.495,32.64,46.36,69.83,93.3,0
2024-03-13,20.89,27.485,34.08,45.14,67.82,90.5,0
2024-03-14,24.32,29.725,35.13,41.05,65.275,89.5,0
2024-03-15,23.61,29.32,35.03,35.71,62.305,88.9,0
2024-03-16,24.32,29.91,35.5,36.62,60.76,84.9,0
2024-03-17,23.07,29.76,36.45,32.46,59.73,87,0
2024-03-18,23.01,28.585,34.16,42,64.9,87.8,0
2024-03-19,23.01,28.48,33.95,44.94,68.22,91.5,2.032
2024-03-20,20.71,27.955,35.2,41.79,68.545,95.3,18.54
2024-03-21,21.74,27.095,32.45,50.29,72.545,94.8,2.286
2024-03-22,22.41,28.215,34.02,42.33,68.365,94.4,0
2024-03-23,19.81,23.935,28.06,71.1,82.75,94.4,0
2024-03-24,19.4,22.63,25.86,59.67,76.685,93.7,0
2024-03-25,19.94,23.66,27.38,63.28,78.09,92.9,0
2024-03-26,20.11,24.505,28.9,59.23,76.765,94.3,14.22
2024-03-27,20.35,22.9,25.45,68.76,81.53,94.3,2.032
2024-03-28,19.6,21.25,22.9,79.99,87.095,94.2,1.778
2024-03-29,20.04,23.42,26.8,65.58,80.39,95.2,0
2024-03-30,21.13,25.2,29.27,55.67,75.385,95.1,0
2024-03-31,21.6,25.515,29.43,57.33,75.815,94.3,0
2024-04-01,21.8,26.665,31.53,48.98,71.79,94.6,254
2024-04-02,21.53,26.95,32.37,29.86,62.33,94.8,254
2024-04-03,20.59,25.905,31.22,48.16,71.13,94.1,0
2024-04-04,22.31,27.085,31.86,46.26,70.13,94,0
2024-04-05,22.62,28.1,33.58,42.13,65.415,88.7,0
2024-04-06,21.16,27.085,33.01,45.89,67.445,89,0
2024-04-07,19.32,26.03,32.74,44.84,67.37,89.9,0
2024-04-08,20.3,26.1,31.9,46.67,69.885,93.1,0
2024-04-09,22.14,26.55,30.96,48.36,70.88,93.4,0
2024-04-10,21.84,26.545,31.25,47.92,70.01,92.1,0
2024-04-11,21.87,26.275,30.68,49.21,70.655,92.1,0
2024-04-12,21.09,26.83,32.57,46.2,70.2,94.2,0
2024-04-13,21.33,26.68,32.03,46.3,70.2,94.1,1.016
2024-04-14,22,26.665,31.33,48.4,69.6,90.8,508
2024-04-15,23.05,25.905,28.76,58.31,73.355,88.4,0
2024-04-16,22.88,26.53,30.18,50.84,68.37,85.9,1.27
2024-04-17,23.08,27.24,31.4,44.71,68.705,92.7,254
2024-04-18,21.4,26.13,30.86,51.55,73.275,95,0
2024-04-19,15.75,22.425,29.1,57.03,76.015,95,0
2024-04-20,16.05,23.35,30.65,41.33,66.665,92,0
2024-04-21,16.83,24.7,32.57,40.11,65.005,89.9,0
2024-04-22,19.93,25.66,31.39,36.19,60.045,83.9,0
2024-04-23,19.22,25.725,32.23,21.03,49.67,78.31,0
2024-04-24,19.35,25.98,32.61,24.89,50.33,75.77,0
2024-04-25,19.79,26.4,33.01,29.56,52.92,76.28,0
2024-04-26,21.5,27.88,34.26,29.86,52.55,75.24,0
2024-04-27,22.11,27.935,33.76,31.86,53.43,75,0
2024-04-28,20.86,27.275,33.69,33.18,57.14,81.1,0
2024-04-29,21.06,27.51,33.96,30.03,55.515,81,0
2024-04-30,21.23,27.715,34.2,24.79,49.915,75.04,0
2024-05-01,21.2,27.785,34.37,27.63,49.88,72.13,0
2024-05-02,20.79,27.58,34.37,24.18,48.12,72.06,0
2024-05-03,20.99,27.625,34.26,26.68,50.895,75.11,0
2024-05-04,20.86,27.545,34.23,25.84,48.95,72.06,0
2024-05-05,18.91,26.42,33.93,24.01,47.495,70.98,0
2024-05-06,19.42,26.085,32.75,21.31,48.46,75.61,0
2024-05-07,20.2,26.745,33.29,30.1,51.89,73.68,0
2024-05-08,21.63,27.455,33.28,31.01,54.63,78.25,0
2024-05-09,19.59,26.02,32.45,30.17,53.465,76.76,0
2024-05-10,19.73,26.22,32.71,27.43,51.585,75.74,0
2024-05-11,19.08,25.73,32.38,23.68,48.61,73.54,0
2024-05-12,18.64,25.675,32.71,27.73,50.11,72.49,0
2024-05-13,18.68,25.845,33.01,22.08,46.965,71.85,0
2024-05-14,19.22,26.015,32.81,23.54,48.49,73.44,0
2024-05-15,16.55,23.23,29.91,45.02,67.76,90.5,0
2024-05-16,16.87,23.64,30.41,38.21,64.455,90.7,0
2024-05-17,18.54,26.015,33.49,24.82,54.41,84,0
2024-05-18,18.57,26.03,33.49,22.89,47.42,71.95,0
2024-05-19,18.88,25.845,32.81,25.13,48.185,71.24,0
2024-05-20,16.88,24.695,32.51,26.95,60.425,93.9,0
2024-05-21,17.36,24.19,31.02,35.85,65.075,94.3,0
2024-05-22,19.08,26.12,33.16,24.96,54.18,83.4,0
2024-05-23,16.97,24.07,31.17,25.88,49.52,73.16,0
2024-05-24,17.07,24.82,32.57,22.05,46.98,71.91,0
2024-05-25,17.05,22.64,28.23,43.13,68.665,94.2,0
2024-05-26,16.54,19.095,21.65,71.16,83.03,94.9,254
2024-05-27,16.78,17.94,19.1,90.6,92.95,95.3,1.524
2024-05-28,14.6,21.02,27.44,54.56,75.08,95.6,508
2024-05-29,8.74,12.71,16.68,73.64,83.02,92.4,0
2024-05-30,8.87,15.865,22.86,38.6,64.75,90.9,0
2024-05-31,8.82,16.63,24.44,27.47,58.485,89.5,0
2024-06-01,8.99,17.66,26.33,22.6,56.45,90.3,0
2024-06-02,13.74,21.505,29.27,24.45,46.75,69.05,0
2024-06-03,16.56,23.02,29.48,26.01,50.415,74.82,0
2024-06-04,17.34,23.73,30.12,26.41,50.565,74.72,0
2024-06-05,15.17,22.17,29.17,31.22,58.31,85.4,0
2024-06-06,15.72,22.665,29.61,27.43,55.965,84.5,0
2024-06-07,17,23.66,30.32,28.04,49.06,70.08,0
2024-06-08,16.73,23.695,30.66,27.8,47.99,68.18,0
2024-06-09,16.8,23.66,30.52,26.62,49.615,72.61,0
2024-06-10,15.72,23.205,30.69,27.77,53.325,78.88,0
2024-06-11,16.16,23.455,30.75,23.71,51.26,78.81,0
2024-06-12,17.24,24.55,31.86,24.11,43.25,62.39,0
2024-06-13,14.8,23.135,31.47,22.19,43.93,65.67,0
2024-06-14,14.94,22.645,30.35,20.9,44.575,68.25,0
2024-06-15,16.6,24.17,31.74,23.58,46.51,69.44,0
2024-06-16,17.73,24.515,31.3,23.24,46.58,69.92,0
2024-06-17,15.82,23.24,30.66,25.54,47.945,70.35,0
2024-06-18,14.48,22.465,30.45,20.6,45.745,70.89,0
2024-06-19,14.31,22.23,30.15,22.36,46.28,70.2,0
2024-06-20,15.51,23.25,30.99,20.84,43.595,66.35,0
2024-06-21,16.39,23.54,30.69,17.28,36.685,56.09,0
2024-06-22,16.49,23.285,30.08,22.59,42.225,61.86,0
2024-06-23,17.27,24.08,30.89,25.06,46.84,68.62,0
2024-06-24,17.27,24.335,31.4,26.18,47.67,69.16,0
2024-06-25,17.66,24.76,31.86,24.38,46.98,69.58,0
2024-06-26,17.97,25.49,33.01,24.96,47.945,70.93,0
2024-06-27,17.36,24.85,32.34,22.96,53.03,83.1,0
2024-06-28,16.95,23.04,29.13,32.74,59.62,86.5,0
2024-06-29,17.66,24.195,30.73,24.89,48.64,72.39,0
2024-06-30,17.9,24.665,31.43,22.73,49.49,76.25,0
2024-07-01,14.7,20.465,26.23,44.75,65.025,85.3,0
2024-07-02,11.84,14.6,17.36,64.23,80.015,95.8,2.032
2024-07-03,12.04,20.825,29.61,29.39,62.745,96.1,0
2024-07-04,16.36,23,29.64,26.59,48.62,70.65,0
2024-07-05,16.7,23.69,30.68,20.22,43.08,65.94,0
2024-07-06,16.36,23.355,30.35,21.54,41.75,61.96,0
2024-07-07,16.46,23.845,31.23,18.87,39.225,59.58,0
2024-07-08,16.04,23.75,31.46,20.23,43.28,66.33,0
2024-07-09,15.8,22.47,29.14,31.93,62.415,92.9,0
2024-07-10,15.68,19.305,22.93,61.92,78.36,94.8,0
2024-07-11,15.34,21.055,26.77,46.37,70.435,94.5,0
2024-07-12,16.66,24.65,32.64,25.33,58.865,92.4,0
2024-07-13,15,22.355,29.71,39.1,66.35,93.6,0
2024-07-14,14.53,22.34,30.15,26.45,59.325,92.2,0
2024-07-15,15.17,22.455,29.74,24.99,54.445,83.9,0
2024-07-16,13.4,21.4,29.4,25.23,58.165,91.1,0
2024-07-17,13.5,21.37,29.24,24.62,58.06,91.5,0
2024-07-18,14.13,22.15,30.17,22.66,54.98,87.3,0
2024-07-19,16.7,23.455,30.21,20.7,41.915,63.13,0
2024-07-20,14.43,22.2,29.97,21.34,44.675,68.01,0
2024-07-21,16.33,23.47,30.61,20.43,40.72,61.01,0
2024-07-22,15.58,22.875,30.17,20.97,40.255,59.54,0
2024-07-23,15.55,22.725,29.9,19.28,39.835,60.39,0
2024-07-24,15.28,22.815,30.35,18.19,38.19,58.19,0
2024-07-25,15.01,22.53,30.05,16.3,36.125,55.95,0
2024-07-26,15,22.925,30.85,16.81,35.79,54.77,0
2024-07-27,14.85,22.38,29.91,19.45,39.705,59.96,0
2024-07-28,15.82,23.52,31.22,18.09,37.275,56.46,0
2024-07-29,16.39,24.835,33.28,17.75,38.945,60.14,0
2024-07-30,15.44,24.55,33.66,16.81,49.805,82.8,0
2024-07-31,13.33,20.25,27.17,33.38,62.09,90.8,0
2024-08-01,13.53,22.275,31.02,23.88,56.79,89.7,0
2024-08-02,19.74,25.435,31.13,19.75,39.8,59.85,0
2024-08-03,17.59,24.24,30.89,22.32,43.425,64.53,0
2024-08-04,17.59,24.395,31.2,19.96,43.01,66.06,0
2024-08-05,17.97,24.38,30.79,20.84,44.87,68.9,0
2024-08-06,16.37,23.915,31.46,18.33,43.415,68.5,0
2024-08-07,18.64,25.3,31.96,17.52,39.03,60.54,0
2024-08-08,17.39,24.895,32.4,17.11,37.64,58.17,0
2024-08-09,17.42,25.335,33.25,18.46,48.995,79.53,0
2024-08-10,7.924,15.057,22.19,56.91,75.005,93.1,4.064
2024-08-11,6.475,12.5375,18.6,35.09,63.345,91.6,0
2024-08-12,8.38,16.575,24.77,19.52,52.46,85.4,0
2024-08-13,7.834,16.472,25.11,13.19,44.37,75.55,0
2024-08-14,7.025,16.812,26.6,14,48.3,82.6,0
2024-08-15,7.025,19.037,31.05,10.31,47.505,84.7,0
2024-08-16,15.31,24.41,33.51,19.95,38.805,57.66,0
2024-08-17,19.05,27.16,35.27,14.57,36.285,58,0
2024-08-18,20.17,27.855,35.54,12.88,30.65,48.42,0
2024-08-19,19.08,27.36,35.64,12.58,29.245,45.91,0
2024-08-20,19.05,27.46,35.87,11.97,29.26,46.55,0
2024-08-21,19.29,27.295,35.3,12.44,28.975,45.51,0
2024-08-22,16.88,25.84,34.8,10.35,29.25,48.15,0
2024-08-23,17.32,26.245,35.17,11.67,29.89,48.11,0
2024-08-24,18.57,27.795,37.02,12.27,35.41,58.55,0
2024-08-25,14.5,23.875,33.25,25.16,60.28,95.4,9.91
2024-08-26,7.627,11.2985,14.97,84.8,90.35,95.9,11.43
2024-08-27,7.898,13.419,18.94,50.45,69.775,89.1,0
2024-08-28,8.78,18.045,27.31,13.77,47.485,81.2,0
2024-08-29,10.94,21.415,31.89,12.14,45.37,78.6,0
2024-08-30,18.03,25.615,33.2,19.34,43.225,67.11,0
2024-08-31,17.8,25.45,33.1,17.31,36.52,55.73,0
2024-09-01,17.73,25.925,34.12,12.51,34.595,56.68,0
2024-09-02,18.03,26.9,35.77,10.99,33.65,56.31,0
2024-09-03,18,27.055,36.11,11.5,33.735,55.97,0
2024-09-04,19.29,28.04,36.79,10.72,31.82,52.92,0
2024-09-05,19.77,28.65,37.53,8.55,26.835,45.12,0
2024-09-06,15.71,26.42,37.13,11.63,47.815,84,0
2024-09-07,16.33,26.085,35.84,16.13,49.215,82.3,0
2024-09-08,19.82,28.54,37.26,12.61,40.87,69.13,0
2024-09-09,20.62,28.57,36.52,14.61,31.32,48.03,0
2024-09-10,20.75,28.31,35.87,14.27,30.86,47.45,0
2024-09-11,19.25,27.615,35.98,12.1,27.82,43.54,0
2024-09-12,19.95,28.13,36.31,11.6,27.415,43.23,0
2024-09-13,20.18,28.33,36.48,12.44,27.595,42.75,0
2024-09-14,21.09,29.005,36.92,13.22,29.66,46.1,0
2024-09-15,17.32,26.75,36.18,15.22,45.11,75,0
2024-09-16,18.47,27.275,36.08,15.69,46.375,77.06,0
2024-09-17,14.19,19.72,25.25,60.85,77.375,93.9,3.81
2024-09-18,13.31,22.14,30.97,22.39,57.195,92,0
2024-09-19,14.46,24.56,34.66,21.78,54.54,87.3,0
2024-09-20,22.24,30.085,37.93,16.47,37.175,57.88,0
2024-09-21,19.27,28.565,37.86,14.3,42.045,69.79,0
2024-09-22,19.6,24.875,30.15,33.25,51.505,69.76,0
2024-09-23,21.91,28.825,35.74,21.3,42.975,64.65,0
2024-09-24,23.56,30.795,38.03,12.07,31.365,50.66,0
2024-09-25,23.61,31.475,39.34,12.41,26.945,41.48,0
2024-09-26,24.22,31.53,38.84,12.37,25.675,38.98,0
2024-09-27,21.99,30.82,39.65,11.83,42.7,73.57,0
2024-09-28,17.83,24.64,31.45,39.23,58.71,78.19,0
2024-09-29,16.14,24.86,33.58,23.3,50.945,78.59,0
2024-09-30,17.63,27.12,36.61,19.71,47.235,74.76,0
2024-10-01,22.31,30.035,37.76,15.28,32.985,50.69,0
2024-10-02,24.08,31.255,38.43,12.58,26.695,40.81,0
2024-10-03,22.83,31.105,39.38,11.97,38.03,64.09,0
2024-10-04,17.52,27.35,37.18,23.63,48.905,74.18,0
2024-10-05,15.47,24.895,34.32,28.23,54.115,80,0
2024-10-06,16.07,26.12,36.17,13.42,47.06,80.7,0
2024-10-07,17.39,27.725,38.06,11.12,44.11,77.1,0
2024-10-08,19.18,29.06,38.94,11.7,40.23,68.76,0
2024-10-09,21.6,31.35,41.1,9.26,32.765,56.27,0
2024-10-10,19.1,27.79,36.48,23.87,56.385,88.9,1.27
2024-10-11,19.2,23.98,28.76,50.26,70.23,90.2,508
2024-10-12,20.45,27.05,33.65,32.49,63.245,94,31.75
2024-10-13,19.3,25.44,31.58,30.43,60.965,91.5,0
2024-10-14,18.73,27.365,36,17.07,49.235,81.4,0
2024-10-15,19.6,27.67,35.74,27.89,56.595,85.3,4.064
2024-10-16,21.06,26.54,32.02,37.33,59.215,81.1,0
2024-10-17,22.66,29.04,35.42,23.73,49.93,76.13,0
2024-10-18,22.53,29.635,36.74,23.46,47.395,71.33,0
2024-10-19,21.4,25.9,30.4,35.64,61.67,87.7,1.27
2024-10-20,18.32,24.325,30.33,42.85,69.225,95.6,44.7
2024-10-21,19.47,22.075,24.68,79.16,87.48,95.8,3.81
2024-10-22,21.66,25.98,30.3,51.87,71.585,91.3,0
2024-10-23,23.24,27.75,32.26,40.44,64.07,87.7,1.016
2024-10-24,22.06,27.225,32.39,40.44,65.27,90.1,2.54
2024-10-25,21.85,29.05,36.25,29.96,60.93,91.9,5.334
2024-10-26,22.46,26.985,31.51,50.72,70.66,90.6,254
2024-10-27,21.92,26.195,30.47,48.01,67.705,87.4,0
2024-10-28,19.77,25.625,31.48,47.54,68.22,88.9,508
2024-10-29,19.81,23.405,27,61.75,76.825,91.9,254
2024-10-30,19.64,26.86,34.08,32.6,62.05,91.5,0
2024-10-31,20.52,27.245,33.97,25.12,56.16,87.2,0
2024-11-01,21.4,27.3,33.2,31.6,55,78.4,1
2024-11-02,22,27.75,33.5,30.4,58.6,86.8,0.8
2024-11-03,19.7,23.2,26.7,66.9,80.9,94.9,3.3
2024-11-04,20.4,24.5,28.6,64.1,79.1,94.1,9.7
2024-11-05,20.7,22.8,24.9,78.3,86.3,94.3,3.6
2024-11-06,21.3,24.85,28.4,64.7,79.75,94.8,0
2024-11-07,20.5,25.6,30.7,48,71.3,94.6,0.3
2024-11-08,20.9,24.05,27.2,68.5,81.65,94.8,0.3
2024-11-09,20.2,22.9,25.6,78,86.5,95,5.8
2024-11-10,18.4,23.95,29.5,55.4,75.2,95,0
2024-11-11,18.4,24.9,31.4,36.8,61.05,85.3,0
2024-11-12,21.4,27.7,34,29.2,51.55,73.9,0
2024-11-13,21.3,28.2,35.1,23.8,56.85,89.9,0
2024-11-14,18.5,23.15,27.8,55.3,74.05,92.8,0
2024-11-15,19.4,25.85,32.3,34.6,63.6,92.6,0
2024-11-16,20.5,26.45,32.4,41.8,68.45,95.1,2.5
2024-11-17,19.4,24.85,30.3,54.2,74.1,94,0
2024-11-18,20.2,25.65,31.1,46.1,69.6,93.1,0
2024-11-19,21.3,27.5,33.7,32.6,60.95,89.3,0
2024-11-20,22.8,28.55,34.3,34.9,57.95,81,0
2024-11-21,23.3,29.2,35.1,36.6,62.55,88.5,0
2024-11-22,20.9,26.1,31.3,55.1,74.65,94.2,0
2024-11-23,19.6,23.95,28.3,64.4,77.95,91.5,0
2024-11-24,17.6,24.8,32,37.6,61.9,86.2,0
2024-11-25,18,25,32,32.4,55.15,77.9,0
2024-11-26,21.9,27.65,33.4,31.9,52.75,73.6,0
2024-11-27,21.5,27.75,34,27.4,49.9,72.4,0
2024-11-28,23.2,29.1,35,29,55.8,82.6,0
2024-11-29,21.4,27.7,34,40.2,67.85,95.5,53
2024-11-30,21.3,24.1,26.9,67.1,81.35,95.6,1.5
2024-12-01,22.81,27.755,32.7,49.06,71.38,93.7,0
2024-12-02,23.85,29.18,34.51,38.58,59.84,81.1,0
2024-12-03,21.4,25.715,30.03,62.83,79.015,95.2,16.26
2024-12-04,21.6,25.745,29.89,58.87,76.985,95.1,0
2024-12-05,21.4,24.72,28.04,66.79,80.995,95.2,10.67
2024-12-06,21.7,25.055,28.41,65.77,80.535,95.3,6.604
2024-12-07,22.01,27.725,33.44,40.61,66.605,92.6,254
2024-12-08,22.44,28.26,34.08,31.89,60.795,89.7,0
2024-12-09,23.07,27.31,31.55,55.15,73.025,90.9,508
2024-12-10,22.61,28.01,33.41,47.33,69.015,90.7,0
2024-12-11,20.55,26.3,32.05,51.67,72.235,92.8,254
2024-12-12,19.64,25.93,32.22,46.97,68.535,90.1,0
2024-12-13,20.21,26.74,33.27,43.92,67.76,91.6,0
2024-12-14,20.89,27.57,34.25,37.63,65.265,92.9,7.112
2024-12-15,19.57,22.04,24.51,77.77,86.085,94.4,32.77
2024-12-16,21.26,25.53,29.8,55.66,75.08,94.5,24.38
2024-12-17,19.35,24.76,30.17,48.63,70.315,92,0
2024-12-18,19.45,26.19,32.93,34.29,57.11,79.93,0
2024-12-19,21.06,27.555,34.05,34.52,60.31,86.1,0
2024-12-20,20.96,27.875,34.79,33.44,62.07,90.7,0
2024-12-21,23.27,28.675,34.08,34.76,60.93,87.1,0
2024-12-22,19.98,26.675,33.37,43.14,69.22,95.3,48.77
2024-12-23,20.11,25.595,31.08,55.96,75.73,95.5,254
2024-12-24,20.11,26.71,33.31,37.4,65.05,92.7,0
2024-12-25,21.29,27.415,33.54,36.62,64.56,92.5,1.016
2024-12-26,21.67,25.735,29.8,57.86,76.63,95.4,65.79
2024-12-27,20.8,24.255,27.71,69.27,82.485,95.7,64.26
2024-12-28,21.77,24.725,27.68,70.62,83.16,95.7,8.89
2024-12-29,19.4,25.27,31.14,53.53,74.065,94.6,1.524
2024-12-30,19.71,26.275,32.84,44.23,67.515,90.8,254
2024-12-31,20.48,26.755,33.03,40.91,65.205,89.5,0
2025-01-01,21.26,27.3,33.34,39.83,65.515,91.2,0
2025-01-02,21.06,26.91,32.76,43.42,65.26,87.1,0
2025-01-03,21.67,27.37,33.07,39.93,65.165,90.4,0
2025-01-04,21.19,26.62,32.05,46.53,70.965,95.4,11.18
2025-01-05,21.06,26.555,32.05,51.02,73.21,95.4,254
2025-01-06,21.84,27.285,32.73,34.02,59.26,84.5,0
2025-01-07,21.23,27.13,33.03,39.8,66.6,93.4,0
2025-01-08,22.01,27.055,32.1,44.37,68.635,92.9,0
2025-01-09,20.72,26.425,32.13,45.62,68.61,91.6,1.778
2025-01-10,19.55,25.2,30.85,50.86,70.28,89.7,4.064
2025-01-11,20.18,26.29,32.4,39.66,62.58,85.5,0
2025-01-12,20.86,27.54,34.22,33.24,64.02,94.8,6.096
2025-01-13,18.94,25.45,31.96,48.39,71.545,94.7,0
2025-01-14,17.66,25.095,32.53,40.07,60.785,81.5,0
2025-01-15,18.54,25.32,32.1,28.17,57.335,86.5,0
2025-01-16,19.39,26.515,33.64,40.81,67.555,94.3,3.81
2025-01-17,21.8,26.23,30.66,54.05,74.275,94.5,11.43
2025-01-18,22.21,25.69,29.17,61.12,76.91,92.7,6.604
2025-01-19,22.07,26.88,31.69,47.75,69.075,90.4,0
2025-01-20,20.25,27.115,33.98,40.24,66.47,92.7,0
2025-01-21,21.33,27.425,33.52,40.41,65.455,90.5,0
2025-01-22,21.94,27.96,33.98,33.07,58.635,84.2,0
2025-01-23,22.84,29.305,35.77,30.9,55.35,79.8,0
2025-01-24,20.05,26.965,33.88,43.92,67.16,90.4,15.49
2025-01-25,20.82,27.52,34.22,32.5,59.6,86.7,0
2025-01-26,22.18,28.875,35.57,32.66,61.08,89.5,762
2025-01-27,21.09,27.32,33.55,44.47,69.835,95.2,32.77
2025-01-28,20.25,24,27.75,64.41,79.805,95.2,2.032
2025-01-29,20.72,25.835,30.95,46.77,67.585,88.4,0
2025-01-30,21.63,26.715,31.8,51.2,71.45,91.7,254
2025-01-31,20.72,27.035,33.35,42.51,68.205,93.9,23.11
2025-02-01,21.57,25.2,28.83,59.33,76.665,94,508
2025-02-02,21.07,24.935,28.8,62.84,78.62,94.4,18.03
2025-02-03,20.82,24.59,28.36,63.52,79.36,95.2,47.24
2025-02-04,20.65,22.835,25.02,81.8,88.55,95.3,20.83
2025-02-05,20.65,24.76,28.87,58.82,76.36,93.9,1.016
2025-02-06,21.7,25.165,28.63,59.23,76.415,93.6,0
2025-02-07,20.25,26.495,32.74,36.39,63.495,90.6,0
2025-02-08,18.27,26.03,33.79,33.51,60.655,87.8,4.572
2025-02-09,20.17,26.83,33.49,33.92,60.66,87.4,0
2025-02-10,22.18,27.785,33.39,28.24,58.12,88,0
2025-02-11,21.94,27.63,33.32,32.4,56.65,80.9,0
2025-02-12,20.86,27.14,33.42,31.65,59.725,87.8,0
2025-02-13,20.44,26.795,33.15,40.55,66.975,93.4,6.858
2025-02-14,21.5,26.88,32.26,41.19,67.295,93.4,254
2025-02-15,23.27,29,34.73,35.77,58.885,82,0
2025-02-16,23.64,29.29,34.94,35.88,61.39,86.9,20.07
2025-02-17,23.09,29.15,35.21,30.84,58.72,86.6,0
2025-02-18,22.75,29.295,35.84,33.07,59.185,85.3,0
2025-02-19,22.21,28.405,34.6,33.92,60.96,88,0
2025-02-20,21.77,28.855,35.94,33.78,59.89,86,0
2025-02-21,22.24,28.685,35.13,37.43,62.165,86.9,762
2025-02-22,21.94,29.195,36.45,34.49,61.395,88.3,0
2025-02-23,21.19,27.88,34.57,36.02,64.26,92.5,3.048
2025-02-24,21.47,27.835,34.2,35.2,63.1,91,0
2025-02-25,23.08,28.335,33.59,36.22,57.65,79.08,0
2025-02-26,22.01,26.655,31.3,45.7,65.85,86,15.49
2025-02-27,21.84,27.93,34.02,32.46,60.63,88.8,254
2025-02-28,21.74,28.14,34.54,33.45,60.325,87.2,0
2025-03-01,23.2,28.9,34.6,30.3,56.4,82.5,0
2025-03-02,23,28.9,34.8,27.6,48.75,69.9,0
2025-03-03,22,27.15,32.3,31.6,54.7,77.8,0
2025-03-04,22.9,29.1,35.3,25.7,49.9,74.1,0
2025-03-05,22.6,28.5,34.4,28.2,49.05,69.9,0.8
2025-03-06,22.8,28.15,33.5,33,49.75,66.5,0
2025-03-07,21,27.7,34.4,18.6,39.65,60.7,0
2025-03-08,20.8,27.25,33.7,24.6,43.35,62.1,0
2025-03-09,21.4,28.1,34.8,21.2,42.85,64.5,0
2025-03-10,22.7,29.75,36.8,21.5,44,66.5,0
2025-03-11,21.4,28.85,36.3,23.8,57.3,90.8,4.3
2025-03-12,21.6,25.3,29,48.7,69.7,90.7,0
2025-03-13,20.6,27.5,34.4,33.3,60.85,88.4,0
2025-03-14,20.8,27.25,33.7,33.3,61.25,89.2,0
2025-03-15,21.3,27.9,34.5,33.5,61.5,89.5,0.5
2025-03-16,20.4,27.9,35.4,31.8,60.55,89.3,0
2025-03-17,21.2,28.2,35.2,33.9,64.1,94.3,24.4
2025-03-18,21.4,25.75,30.1,55.7,75,94.3,0.3
2025-03-19,20.8,26.2,31.6,49.5,70.25,91,0
2025-03-20,18.7,24.8,30.9,42.9,67.25,91.6,0
2025-03-21,17.2,24.5,31.8,35.9,62.65,89.4,0
2025-03-22,17.8,25.55,33.3,31.6,59.95,88.3,0
2025-03-23,21.7,26.5,31.3,45.7,67.05,88.4,0
2025-03-24,21.1,26.9,32.7,38.5,65.65,92.8,1
2025-03-25,21.2,27.1,33,38.8,66,93.2,0
2025-03-26,21.8,28.2,34.6,37.3,63.75,90.2,12.7
2025-03-27,19.8,25.45,31.1,46.9,71.25,95.6,22.1
2025-03-28,20.7,27,33.3,38.3,65.05,91.8,0
2025-03-29,21.5,27.95,34.4,34,61.75,89.5,0
2025-03-30,20.8,27.05,33.3,40.5,65.9,91.3,22.4
2025-03-31,21.63,27.625,33.62,37.44,65.07,92.7,4.826
2025-04-01,20.7,22.8,24.9,77,85.7,94.4,12.4
2025-04-02,21.4,26.55,31.7,44.7,69.45,94.2,0.3
2025-04-03,21.9,28.05,34.2,35.6,62.2,88.8,0
2025-04-04,22.7,27.9,33.1,38.2,62.9,87.6,0
2025-04-05,19.7,26.05,32.4,43.2,66.55,89.9,0.8
2025-04-06,16.6,22.75,28.9,49.9,67.5,85.1,0
2025-04-07,17,22.45,27.9,47.1,64.5,81.9,0
2025-04-08,18.3,24.4,30.5,41,60.95,80.9,0
2025-04-09,20,25.5,31,36,58.75,81.5,0
2025-04-10,19.6,25.25,30.9,43.6,68.9,94.2,0.3
2025-04-11,20,25.35,30.7,46.4,70.4,94.4,0
2025-04-12,18.3,25.25,32.2,36.6,62.35,88.1,0
2025-04-13,18.7,25.7,32.7,32,60.05,88.1,0
2025-04-14,20.1,25.1,30.1,46.9,67.35,87.8,0
2025-04-15,18.4,25.45,32.5,37.1,63.5,89.9,0
2025-04-16,18.2,23.75,29.3,52.2,72.65,93.1,9.9
2025-04-17,18.6,24.05,29.5,50.9,72.7,94.5,1.3
2025-04-18,21.1,25.6,30.1,50.6,72.35,94.1,7.6
2025-04-19,20.2,22.6,25,75.8,85.5,95.2,3
2025-04-20,19.1,23.9,28.7,51.9,73.6,95.3,0.3
2025-04-21,18.3,24.2,30.1,48.3,69.95,91.6,0
2025-04-22,16.5,23.2,29.9,43.9,67.2,90.5,0
2025-04-23,16.7,23.3,29.9,39.4,64.95,90.5,0
2025-04-24,16.8,23.95,31.1,40.3,66.25,92.2,0
2025-04-25,20.2,25.4,30.6,52.8,74.05,95.3,7.6
2025-04-26,20.1,23.8,27.5,66,80.65,95.3,0.3
2025-04-27,20.2,24,27.8,66.4,80.85,95.3,3
2025-04-28,20.1,25.45,30.8,47.3,71.3,95.3,8.4
2025-04-29,19.4,22.45,25.5,73.1,84.3,95.5,13.2
2025-04-30,17.7,22.8,27.9,58.5,77,95.5,0
2025-05-01,14.67,21.63,28.59,42.79,68.545,94.3,254
2025-05-02,14.87,22.035,29.2,47.12,69.86,92.6,0
2025-05-03,17.41,23.765,30.12,48.06,65.88,83.7,0
2025-05-04,17.73,23.925,30.12,40.32,60.86,81.4,0
2025-05-05,16.77,22.68,28.59,36.33,56.77,77.21,0
2025-05-06,16.46,22.06,27.66,36.67,58.935,81.2,0
2025-05-07,17.24,23.17,29.1,34.23,56.965,79.7,0
2025-05-08,17.88,24.285,30.69,38.02,59.36,80.7,0
2025-05-09,19.12,25.36,31.6,35.85,60.775,85.7,0
2025-05-10,19.45,25.78,32.11,33.55,59.425,85.3,0
2025-05-11,19.44,25.93,32.42,39.07,66.185,93.3,0
2025-05-12,15.82,21.87,27.92,55.4,74.4,93.4,0
2025-05-13,15.99,22.275,28.56,51.04,71.57,92.1,27.43
2025-05-14,16.19,22.02,27.85,51.69,70.695,89.7,0
2025-05-15,14.89,21.225,27.56,44.99,67.495,90,0
2025-05-16,15.12,21.2,27.28,38.36,60.78,83.2,0
2025-05-17,16.36,22.09,27.82,40.89,61.845,82.8,0
2025-05-18,17.31,23.24,29.17,37.58,60.94,84.3,0
2025-05-19,17.69,23.33,28.97,39.71,61.255,82.8,0
2025-05-20,16.56,22.795,29.03,33.42,56.56,79.7,0
2025-05-21,15.61,22.12,28.63,34.8,58.8,82.8,0
2025-05-22,15.55,22.07,28.59,34.57,57.635,80.7,0
2025-05-23,14.35,21.965,29.58,27.06,53.83,80.6,0
2025-05-24,14.38,21.91,29.44,27.23,59.565,91.9,0
2025-05-25,15.58,23.085,30.59,29.09,60.595,92.1,0
2025-05-26,15.72,23.325,30.93,26.31,53.105,79.9,0
2025-05-27,16.6,23.005,29.41,32.06,55.335,78.61,0
2025-05-28,17.04,23.025,29.01,31.8,53.665,75.53,0
2025-05-29,10.62,16.565,22.51,63.43,79.015,94.6,5.588
2025-05-30,6.618,12.729,18.84,37.42,63.91,90.4,0
